unit_id,slice_id,stratum,source_path,start_line,end_line,cue,label,rationale
peano-01,peano_definition_exposition,definition_exposition,scripts/Analysis/analysis-one.txt,1293,1295,one standard way to deﬁne,E,Introduces the section and gives history.
peano-02,peano_definition_exposition,definition_exposition,scripts/Analysis/analysis-one.txt,1295,1295,not the only way,E,Comments on alternative presentations.
peano-03,peano_definition_exposition,definition_exposition,scripts/Analysis/analysis-one.txt,1296,1298,another approach is to talk,E,Motivates an alternative construction.
peano-04,peano_definition_exposition,definition_exposition,scripts/Analysis/analysis-one.txt,1298,1298,discuss this alternate approach,E,Provides a forward reference.
peano-05,peano_definition_exposition,definition_exposition,scripts/Analysis/analysis-one.txt,1298,1299,stick with the Peano axiomatic,E,States an expository choice.
peano-06,peano_definition_exposition,definition_exposition,scripts/Analysis/analysis-one.txt,1300,1301,How are we to deﬁne,E,Poses the motivating question.
peano-07,peano_definition_exposition,definition_exposition,scripts/Analysis/analysis-one.txt,1302,1306,A natural number is any element,F,States an informal definition.
peano-08,peano_definition_exposition,definition_exposition,scripts/Analysis/analysis-one.txt,1306,1306,call N the set,F,Declares mathematical notation.
peano-09,peano_definition_exposition,definition_exposition,scripts/Analysis/analysis-one.txt,1307,1308,matter of notational convention,E,Explains a convention difference.
peano-10,peano_definition_exposition,definition_exposition,scripts/Analysis/analysis-one.txt,1309,1310,positive integers,F,Defines the book's notation for a set.
peano-11,peano_definition_exposition,definition_exposition,scripts/Analysis/analysis-one.txt,1310,1311,also known as whole numbers,E,Gives terminology rather than a proof fact.
peano-12,peano_definition_exposition,definition_exposition,scripts/Analysis/analysis-one.txt,1312,1313,solves the problem,E,Evaluates the preceding informal definition.
peano-13,peano_definition_exposition,definition_exposition,scripts/Analysis/analysis-one.txt,1325,1326,not really that satisfactory,E,Critiques the definition's explanatory adequacy.
peano-14,peano_definition_exposition,definition_exposition,scripts/Analysis/analysis-one.txt,1326,1328,not entirely acceptable,E,Continues the methodological critique.
peano-15,peano_definition_exposition,definition_exposition,scripts/Analysis/analysis-one.txt,1328,1329,without cycling back to 0,E,Poses an unanswered foundational question.
peano-16,peano_definition_exposition,definition_exposition,scripts/Analysis/analysis-one.txt,1330,1331,operations such as addition,E,Poses an organizational question.
peano-17,peano_definition_exposition,definition_exposition,scripts/Analysis/analysis-one.txt,1332,1333,complicated operations in terms of simpler,F,States a mathematical construction principle.
peano-18,peano_definition_exposition,definition_exposition,scripts/Analysis/analysis-one.txt,1333,1335,Exponentiation is nothing more,F,States how exponentiation is constituted.
peano-19,peano_definition_exposition,definition_exposition,scripts/Analysis/analysis-one.txt,1335,1335,Multiplication is nothing more,F,States how multiplication is constituted.
peano-20,peano_definition_exposition,definition_exposition,scripts/Analysis/analysis-one.txt,1335,1338,will not be covered here,E,Marks the book's scope and sequence.
peano-21,peano_definition_exposition,definition_exposition,scripts/Analysis/analysis-one.txt,1338,1339,repeated operation of counting forward,F,States how addition is constituted.
peano-22,peano_definition_exposition,definition_exposition,scripts/Analysis/analysis-one.txt,1340,1341,incrementing ﬁve three times,F,Gives a concrete mathematical interpretation.
peano-23,peano_definition_exposition,definition_exposition,scripts/Analysis/analysis-one.txt,1341,1342,incrementing seems to be,E,Motivates a primitive operation.
peano-24,peano_definition_exposition,definition_exposition,scripts/Analysis/analysis-one.txt,1343,1344,use two fundamental concepts,E,Announces the definitional presentation.
peano-25,peano_definition_exposition,definition_exposition,scripts/Analysis/analysis-one.txt,1344,1346,use n++ to denote,F,Defines successor notation.
peano-26,peano_definition_exposition,definition_exposition,scripts/Analysis/analysis-one.txt,1346,1352,slightly diﬀerent usage,E,Explains a notation-design difference.
peano-27,peano_definition_exposition,definition_exposition,scripts/Analysis/analysis-one.txt,1353,1356,N consists of 0,F,States the intended mathematical collection.
peano-28,peano_definition_exposition,definition_exposition,scripts/Analysis/analysis-one.txt,1357,1359,following axioms concerning 0,E,Transitions from intuition to axioms.
peano-29,peano_definition_exposition,definition_exposition,scripts/Analysis/analysis-one.txt,1360,1360,0 is a natural number,F,States an axiom.
peano-30,peano_definition_exposition,definition_exposition,scripts/Analysis/analysis-one.txt,1366,1366,then n++ is also,F,States the successor axiom.
peano-31,peano_definition_exposition,definition_exposition,scripts/Analysis/analysis-one.txt,1367,1368,we see that (0++)++,FH,Pairs a derived fact with its cited grounds.
peano-32,peano_definition_exposition,definition_exposition,scripts/Analysis/analysis-one.txt,1368,1370,adopt a convention,E,Explains a notation choice.
peano-33,peano_definition_exposition,definition_exposition,scripts/Analysis/analysis-one.txt,1371,1374,We deﬁne 1,F,Defines familiar numeral notation.
peano-34,peano_definition_exposition,definition_exposition,scripts/Analysis/analysis-one.txt,1375,1376,3 is a natural number,F,States a proposition.
proof-01,addition_induction_proofs,proof,scripts/Analysis/analysis-one.txt,1681,1681,For any natural number n,F,States the lemma.
proof-02,addition_induction_proofs,proof,scripts/Analysis/analysis-one.txt,1682,1682,cannot deduce this immediately,H,Explains why a tempting route is unavailable.
proof-03,addition_induction_proofs,proof,scripts/Analysis/analysis-one.txt,1683,1683,We use induction,H,Chooses the global proof strategy.
proof-04,addition_induction_proofs,proof,scripts/Analysis/analysis-one.txt,1683,1685,The base case 0 + 0,FH,States the base fact and its grounds.
proof-05,addition_induction_proofs,proof,scripts/Analysis/analysis-one.txt,1685,1685,suppose inductively that n + 0,FH,Introduces a fact in its induction role.
proof-06,addition_induction_proofs,proof,scripts/Analysis/analysis-one.txt,1685,1686,We wish to show,F,States the next goal fact.
proof-07,addition_induction_proofs,proof,scripts/Analysis/analysis-one.txt,1686,1687,by deﬁnition of addition,FH,Gives an equality chain with explicit grounds.
proof-08,addition_induction_proofs,proof,scripts/Analysis/analysis-one.txt,1687,1688,closes the induction,H,Closes a proof phase without a new fact.
proof-09,addition_induction_proofs,proof,scripts/Analysis/analysis-one.txt,1689,1690,For any natural numbers n and m,F,States the second lemma.
proof-10,addition_induction_proofs,proof,scripts/Analysis/analysis-one.txt,1691,1692,cannot deduce this yet,H,Explains why a tempting route is unavailable.
proof-11,addition_induction_proofs,proof,scripts/Analysis/analysis-one.txt,1693,1693,We induct on n,H,Chooses induction and its parameter.
proof-12,addition_induction_proofs,proof,scripts/Analysis/analysis-one.txt,1693,1694,consider the base case,H,Opens a proof phase.
proof-13,addition_induction_proofs,proof,scripts/Analysis/analysis-one.txt,1694,1694,we have to prove,F,States the base-case goal.
proof-14,addition_induction_proofs,proof,scripts/Analysis/analysis-one.txt,1695,1696,both sides are equal,FH,States equality together with definitional grounds.
proof-15,addition_induction_proofs,proof,scripts/Analysis/analysis-one.txt,1696,1698,assume inductively,FH,Pairs the induction hypothesis with the successor goal.
proof-16,addition_induction_proofs,proof,scripts/Analysis/analysis-one.txt,1698,1700,The left-hand side,FH,Derives an equality using definition and hypothesis.
proof-17,addition_induction_proofs,proof,scripts/Analysis/analysis-one.txt,1700,1702,Similarly,FH,Derives the matching right-hand equality with grounds.
proof-18,addition_induction_proofs,proof,scripts/Analysis/analysis-one.txt,1702,1703,closed the induction,FH,States the conclusion and closes the proof phase.
limsup-01,limsup_definition_example,advanced_definition_example,scripts/Analysis/analysis-one.txt,6798,6801,continually 0.1-adherent,FH,States a property and explains why it holds.
limsup-02,limsup_definition_example,advanced_definition_example,scripts/Analysis/analysis-one.txt,6801,6803,0.1-adherent is weaker,F,States relations among mathematical notions.
limsup-03,limsup_definition_example,advanced_definition_example,scripts/Analysis/analysis-one.txt,6803,6804,is thus a limit point,FH,States a consequence with an explicit inference marker.
limsup-04,limsup_definition_example,advanced_definition_example,scripts/Analysis/analysis-one.txt,6804,6805,-1 is a limit point,F,States a second mathematical fact.
limsup-05,limsup_definition_example,advanced_definition_example,scripts/Analysis/analysis-one.txt,6805,6806,0 (say) is not,FH,States a negative fact with its reason.
limsup-06,limsup_definition_example,advanced_definition_example,scripts/Analysis/analysis-one.txt,6807,6807,special case of limit points,F,States a relation between concepts.
limsup-07,limsup_definition_example,advanced_definition_example,scripts/Analysis/analysis-one.txt,6808,6814,only limit point,F,States a proposition with assumptions and conclusions.
limsup-08,limsup_definition_example,advanced_definition_example,scripts/Analysis/analysis-one.txt,6815,6815,See Exercise 6.4.1,E,Provides a proof placeholder and cross-reference.
limsup-09,limsup_definition_example,advanced_definition_example,scripts/Analysis/analysis-one.txt,6816,6817,look at two special types,E,Organizes the next subsection.
limsup-10,limsup_definition_example,advanced_definition_example,scripts/Analysis/analysis-one.txt,6818,6825,deﬁne a new sequence,F,Defines the tail-supremum sequence.
limsup-11,limsup_definition_example,advanced_definition_example,scripts/Analysis/analysis-one.txt,6826,6828,supremum of all the elements,F,Paraphrases the mathematical definition.
limsup-12,limsup_definition_example,advanced_definition_example,scripts/Analysis/analysis-one.txt,6828,6834,deﬁne the limit superior,F,Defines limit superior.
limsup-13,limsup_definition_example,advanced_definition_example,scripts/Analysis/analysis-one.txt,6836,6839,we can deﬁne,F,Defines the tail-infimum sequence.
limsup-14,limsup_definition_example,advanced_definition_example,scripts/Analysis/analysis-one.txt,6841,6847,deﬁne the limit inferior,F,Defines limit inferior.
limsup-15,limsup_definition_example,advanced_definition_example,scripts/Analysis/analysis-one.txt,6853,6854,denote the sequence,F,Introduces the worked-example object.
limsup-16,limsup_definition_example,advanced_definition_example,scripts/Analysis/analysis-one.txt,6856,6860,is the sequence,FH,States the computed sequence and explicitly prompts for grounds.
limsup-17,limsup_definition_example,advanced_definition_example,scripts/Analysis/analysis-one.txt,6860,6862,Hence the limit superior,FH,States a result as an explicit consequence.
limsup-18,limsup_definition_example,advanced_definition_example,scripts/Analysis/analysis-one.txt,6862,6865,supremum of this sequence is,FH,States analogous facts and explicitly prompts for grounds.
limsup-19,limsup_definition_example,advanced_definition_example,scripts/Analysis/analysis-one.txt,6865,6865,Hence the limit inferior,FH,States a result as an explicit consequence.
limsup-20,limsup_definition_example,advanced_definition_example,scripts/Analysis/analysis-one.txt,6865,6866,One should compare,E,Prompts a pedagogical comparison.
