lean_symbol_template	selector_fields	compiler_reference	enclosing_function	selector_binding_reference	selector_binding	certificate_symbol_count	certificate_symbols	route_class	owner	required_gate
Litex.OrderBridge.{constructor}	constructor	src/stmt_result_to_lean_compiler/compiler/proof_rendering/numeric_comparison.rs:63	render_closed_numeric_comparison_fact	src/stmt_result_to_lean_compiler/compiler/proof_rendering/numeric_comparison.rs:57	"let constructor = if theorem == ""ltOfComplexReals"" {"	0		caller_selected_helper	Codex	Result-driven generated .lean tracer plus real Lean kernel acceptance
Litex.OrderBridge.{theorem}	theorem	src/stmt_result_to_lean_compiler/compiler/proof_rendering/numeric_comparison.rs:99	render_closed_numeric_comparison_fact	src/stmt_result_to_lean_compiler/compiler/proof_rendering/numeric_comparison.rs:12	let (left, right, theorem, _strict, negated) = match fact {	0		caller_selected_helper	Codex	Result-driven generated .lean tracer plus real Lean kernel acceptance
Litex.OrderBridge.{theorem}	theorem	src/stmt_result_to_lean_compiler/compiler/structured_proofs.rs:3629	construct_lean_runtime_resolved_numeric_comparison_from_assignment_result	src/stmt_result_to_lean_compiler/compiler/structured_proofs.rs:3621	let (predicate, theorem) = if allow_equal {	0		caller_selected_helper	Codex	Result-driven generated .lean tracer plus real Lean kernel acceptance
Litex.Rules.{lean_theorem_name}	lean_theorem_name	src/stmt_result_to_lean_compiler/compiler/fact_compilation/inference_environment.rs:1006	compile_typed_inference_results_in_current_compiler_environment	src/stmt_result_to_lean_compiler/compiler/fact_compilation/inference_environment.rs:995	let lean_theorem_name = validate_standard_numeric_membership_inference_target(	17	InferRule::ChainImpliesComponent;InferRule::ClosedPositivePowerEqualityImpliesEqualSideMembership;InferRule::ConjunctionImpliesComponent;InferRule::EqualityChainClosure;InferRule::FunctionRangeMembershipImpliesCodomainMembership;InferRule::ListSetMembershipImpliesEqualityAlternatives;InferRule::MembershipInSetWithKnownEqualityImpliesMembershipInEqualSet;InferRule::MultiplicationByNegativeOneReversesOrderAgainstZero;InferRule::NaturalMembershipImpliesNonnegative;InferRule::NumericOrderBoundImpliesZeroSign;InferRule::NumericOrderChainClosure;InferRule::PositiveIntegerBaseNaturalPowerEqualityImpliesEqualSideMembership;InferRule::SetBuilderBaseMembershipProjection;InferRule::SetBuilderPredicateProjection;InferRule::StrictOrderComparedToZeroImpliesWeakOrder;InferRule::SubsetImpliesElementwiseMembershipForall;InferRule::SupersetImpliesElementwiseMembershipForall	direct_certificate_match	Codex	Result-driven generated .lean tracer plus real Lean kernel acceptance
Litex.Rules.{theorem}	theorem	src/stmt_result_to_lean_compiler/compiler/builtin_evidence_compilation.rs:340	construct_lean_refined_numeric_membership_from_result	src/stmt_result_to_lean_compiler/compiler/builtin_evidence_compilation.rs:324	let theorem = match (target_set, base_set) {	0		caller_selected_helper	Codex	Result-driven generated .lean tracer plus real Lean kernel acceptance
Litex.Rules.{theorem}	theorem	src/stmt_result_to_lean_compiler/compiler/builtin_evidence_compilation.rs:379	construct_lean_closed_numeric_nonmembership_from_result	src/stmt_result_to_lean_compiler/compiler/builtin_evidence_compilation.rs:370	let theorem = match target_set {	0		caller_selected_helper	Codex	Result-driven generated .lean tracer plus real Lean kernel acceptance
Litex.Rules.{theorem}	theorem	src/stmt_result_to_lean_compiler/compiler/builtin_evidence_compilation.rs:415	construct_lean_standard_set_nonempty_from_result	src/stmt_result_to_lean_compiler/compiler/builtin_evidence_compilation.rs:403	let theorem = match target_set {	0		caller_selected_helper	Codex	Result-driven generated .lean tracer plus real Lean kernel acceptance
Litex.Rules.{theorem}	theorem	src/stmt_result_to_lean_compiler/compiler/builtin_evidence_compilation.rs:465	construct_lean_native_constant_membership_from_result	src/stmt_result_to_lean_compiler/compiler/builtin_evidence_compilation.rs:427	let theorem = match (rule, element, set) {	7	NativeConstantMembershipBuiltinRule::EulerNumberInComplex;NativeConstantMembershipBuiltinRule::EulerNumberInPositiveReal;NativeConstantMembershipBuiltinRule::EulerNumberInReal;NativeConstantMembershipBuiltinRule::ImaginaryUnitInComplex;NativeConstantMembershipBuiltinRule::PiInComplex;NativeConstantMembershipBuiltinRule::PiInPositiveReal;NativeConstantMembershipBuiltinRule::PiInReal	direct_certificate_match	Codex	Result-driven generated .lean tracer plus real Lean kernel acceptance
Litex.Rules.{theorem}	theorem	src/stmt_result_to_lean_compiler/compiler/builtin_evidence_compilation.rs:544	construct_lean_standard_set_subset_from_result	src/stmt_result_to_lean_compiler/compiler/builtin_evidence_compilation.rs:543	for theorem in standard_set_membership_projection_theorem_chain(*source, *destination)? {	0		caller_selected_helper	Codex	Result-driven generated .lean tracer plus real Lean kernel acceptance
Litex.Rules.{theorem}	theorem	src/stmt_result_to_lean_compiler/compiler/builtin_evidence_compilation.rs:692	construct_lean_complex_membership_closure_from_result	src/stmt_result_to_lean_compiler/compiler/builtin_evidence_compilation.rs:653	let (left, right, theorem) = match (rule, target_element) {	4	ComplexArithmeticMembershipClosureBuiltinRule::Add;ComplexArithmeticMembershipClosureBuiltinRule::Div;ComplexArithmeticMembershipClosureBuiltinRule::Mul;ComplexArithmeticMembershipClosureBuiltinRule::Sub	direct_certificate_match	Codex	Result-driven generated .lean tracer plus real Lean kernel acceptance
Litex.Rules.{theorem}	theorem	src/stmt_result_to_lean_compiler/compiler/builtin_evidence_compilation.rs:1017	construct_lean_natural_membership_closure_from_result	src/stmt_result_to_lean_compiler/compiler/builtin_evidence_compilation.rs:973	let (left, right, theorem) = match (rule, target_element) {	2	NaturalMembershipClosureBuiltinRule::Add;NaturalMembershipClosureBuiltinRule::Mul	direct_certificate_match	Codex	Result-driven generated .lean tracer plus real Lean kernel acceptance
Litex.Rules.{theorem}	theorem	src/stmt_result_to_lean_compiler/compiler/builtin_evidence_compilation.rs:1107	construct_lean_positive_natural_membership_closure_from_result	src/stmt_result_to_lean_compiler/compiler/builtin_evidence_compilation.rs:1035	let (left, right, expected_sets, theorem) = match (rule, target_element) {	4	PositiveNaturalMembershipClosureBuiltinRule::AddBothPositive;PositiveNaturalMembershipClosureBuiltinRule::AddLeftPositive;PositiveNaturalMembershipClosureBuiltinRule::AddRightPositive;PositiveNaturalMembershipClosureBuiltinRule::MulBothPositive	direct_certificate_match	Codex	Result-driven generated .lean tracer plus real Lean kernel acceptance
Litex.Rules.{theorem}	theorem	src/stmt_result_to_lean_compiler/compiler/builtin_evidence_compilation.rs:1270	construct_lean_binary_membership_from_conjunction_result	src/stmt_result_to_lean_compiler/compiler/builtin_evidence_compilation.rs:1217	theorem: &str,	0		caller_selected_helper	Codex	Result-driven generated .lean tracer plus real Lean kernel acceptance
Litex.Rules.{theorem}	theorem	src/stmt_result_to_lean_compiler/compiler/builtin_evidence_compilation.rs:1819	construct_lean_arithmetic_builtin_from_result	src/stmt_result_to_lean_compiler/compiler/builtin_evidence_compilation.rs:1813	let theorem = if strict {	34	ArithmeticBuiltinRule::AddCommonLeftLess;ArithmeticBuiltinRule::AddCommonLeftLessEqual;ArithmeticBuiltinRule::AddComponentwiseLess;ArithmeticBuiltinRule::AddComponentwiseLessEqual;ArithmeticBuiltinRule::AddComponentwiseLessEqualLess;ArithmeticBuiltinRule::AddComponentwiseLessLessEqual;ArithmeticBuiltinRule::AddNonnegative;ArithmeticBuiltinRule::AddPositive;ArithmeticBuiltinRule::AddPositiveLeftStrict;ArithmeticBuiltinRule::AddPositiveRightStrict;ArithmeticBuiltinRule::AddRightNonnegativeLessEqual;ArithmeticBuiltinRule::DivByGreaterThanOneLessSelf;ArithmeticBuiltinRule::DivNonnegative;ArithmeticBuiltinRule::DivPositive;ArithmeticBuiltinRule::GreaterEqualFromStrictOrder;ArithmeticBuiltinRule::LessEqualAddImpliesSubLessEqual;ArithmeticBuiltinRule::LessEqualFromStrictOrder;ArithmeticBuiltinRule::MulCommonFactorLessEqualNonnegative;ArithmeticBuiltinRule::MulCommonFactorLessEqualNonpositive;ArithmeticBuiltinRule::MulCommonFactorLessNegative;ArithmeticBuiltinRule::MulCommonFactorLessPositive;ArithmeticBuiltinRule::MulComponentwiseLessEqual;ArithmeticBuiltinRule::MulNonnegative;ArithmeticBuiltinRule::MulPositive;ArithmeticBuiltinRule::NegateOrder;ArithmeticBuiltinRule::OrderTransitivity;ArithmeticBuiltinRule::SubComponentwiseLessEqual;ArithmeticBuiltinRule::SubComponentwiseLessEqualLess;ArithmeticBuiltinRule::SubLessEqualSwap;ArithmeticBuiltinRule::SubLessImpliesLessAdd;ArithmeticBuiltinRule::SubLessSwap;ArithmeticBuiltinRule::SubNonnegativeFromLessEqual;ArithmeticBuiltinRule::SubPositiveFromLess;ArithmeticBuiltinRule::SubRightNonnegativeLessEqual	direct_certificate_match	Codex	Result-driven generated .lean tracer plus real Lean kernel acceptance
Litex.Rules.{theorem}	theorem	src/stmt_result_to_lean_compiler/compiler/builtin_evidence_compilation.rs:2251	construct_lean_additive_order_rule_from_compiled_children	src/stmt_result_to_lean_compiler/compiler/builtin_evidence_compilation.rs:2169	let (expected_strictness, theorem): (Vec<bool>, &str) = match rule {	6	ArithmeticBuiltinRule::AddCommonLeftLess;ArithmeticBuiltinRule::AddCommonLeftLessEqual;ArithmeticBuiltinRule::AddComponentwiseLess;ArithmeticBuiltinRule::AddComponentwiseLessEqual;ArithmeticBuiltinRule::AddComponentwiseLessEqualLess;ArithmeticBuiltinRule::AddComponentwiseLessLessEqual	direct_certificate_match	Codex	Result-driven generated .lean tracer plus real Lean kernel acceptance
Litex.Rules.{theorem}	theorem	src/stmt_result_to_lean_compiler/compiler/builtin_evidence_compilation.rs:2288	construct_lean_additive_order_rule_from_compiled_children	src/stmt_result_to_lean_compiler/compiler/builtin_evidence_compilation.rs:2169	let (expected_strictness, theorem): (Vec<bool>, &str) = match rule {	6	ArithmeticBuiltinRule::AddCommonLeftLess;ArithmeticBuiltinRule::AddCommonLeftLessEqual;ArithmeticBuiltinRule::AddComponentwiseLess;ArithmeticBuiltinRule::AddComponentwiseLessEqual;ArithmeticBuiltinRule::AddComponentwiseLessEqualLess;ArithmeticBuiltinRule::AddComponentwiseLessLessEqual	direct_certificate_match	Codex	Result-driven generated .lean tracer plus real Lean kernel acceptance
Litex.Rules.{theorem}	theorem	src/stmt_result_to_lean_compiler/compiler/fact_compilation/inference_environment.rs:642	compile_typed_inference_results_in_current_compiler_environment	src/stmt_result_to_lean_compiler/compiler/fact_compilation/inference_environment.rs:637	let theorem = if source_is_strict {	17	InferRule::ChainImpliesComponent;InferRule::ClosedPositivePowerEqualityImpliesEqualSideMembership;InferRule::ConjunctionImpliesComponent;InferRule::EqualityChainClosure;InferRule::FunctionRangeMembershipImpliesCodomainMembership;InferRule::ListSetMembershipImpliesEqualityAlternatives;InferRule::MembershipInSetWithKnownEqualityImpliesMembershipInEqualSet;InferRule::MultiplicationByNegativeOneReversesOrderAgainstZero;InferRule::NaturalMembershipImpliesNonnegative;InferRule::NumericOrderBoundImpliesZeroSign;InferRule::NumericOrderChainClosure;InferRule::PositiveIntegerBaseNaturalPowerEqualityImpliesEqualSideMembership;InferRule::SetBuilderBaseMembershipProjection;InferRule::SetBuilderPredicateProjection;InferRule::StrictOrderComparedToZeroImpliesWeakOrder;InferRule::SubsetImpliesElementwiseMembershipForall;InferRule::SupersetImpliesElementwiseMembershipForall	direct_certificate_match	Codex	Result-driven generated .lean tracer plus real Lean kernel acceptance
Litex.Rules.{theorem}	theorem	src/stmt_result_to_lean_compiler/compiler/fact_proof_replay/absolute_value.rs:276	abs_pair	src/stmt_result_to_lean_compiler/compiler/fact_proof_replay/absolute_value.rs:154	let (arguments, theorem): (Vec<&Obj>, &str) = match rule {	11	AbsoluteValueBuiltinRule::NegationLessEqual;AbsoluteValueBuiltinRule::NegativeAbsoluteLessEqual;AbsoluteValueBuiltinRule::Nonnegative;AbsoluteValueBuiltinRule::NonnegativeIdentity;AbsoluteValueBuiltinRule::NonpositiveNegation;AbsoluteValueBuiltinRule::Product;AbsoluteValueBuiltinRule::ReverseTriangleAdd;AbsoluteValueBuiltinRule::ReverseTriangleSub;AbsoluteValueBuiltinRule::SelfLessEqual;AbsoluteValueBuiltinRule::TriangleAdd;AbsoluteValueBuiltinRule::TriangleSub	direct_certificate_match	Codex	Result-driven generated .lean tracer plus real Lean kernel acceptance
Litex.Rules.{theorem}	theorem	src/stmt_result_to_lean_compiler/compiler/fact_proof_replay/absolute_value.rs:383	selection	src/stmt_result_to_lean_compiler/compiler/fact_proof_replay/absolute_value.rs:378	let theorem = match rule {	13	AbsoluteValueBuiltinRule::NegationLessEqual;AbsoluteValueBuiltinRule::NegativeAbsoluteLessEqual;AbsoluteValueBuiltinRule::Nonnegative;AbsoluteValueBuiltinRule::NonnegativeIdentity;AbsoluteValueBuiltinRule::NonpositiveNegation;AbsoluteValueBuiltinRule::PositiveFromNonzero;AbsoluteValueBuiltinRule::Product;AbsoluteValueBuiltinRule::ReverseTriangleAdd;AbsoluteValueBuiltinRule::ReverseTriangleSub;AbsoluteValueBuiltinRule::SelfLessEqual;AbsoluteValueBuiltinRule::TriangleAdd;AbsoluteValueBuiltinRule::TriangleSub;AbsoluteValueBuiltinRule::UpperBound	direct_certificate_match	Codex	Result-driven generated .lean tracer plus real Lean kernel acceptance
Litex.Rules.{theorem}	theorem	src/stmt_result_to_lean_compiler/compiler/fact_proof_replay/extrema.rs:137	construct_lean_extrema_from_result	src/stmt_result_to_lean_compiler/compiler/fact_proof_replay/extrema.rs:110	let (expected, theorem) = if rule == ExtremaBuiltinRule::LessEqualMaxLeft {	18	ExtremaBuiltinRule::LessEqualMaxLeft;ExtremaBuiltinRule::LessEqualMaxRight;ExtremaBuiltinRule::MaxAbsorbMinLeft;ExtremaBuiltinRule::MaxAssociative;ExtremaBuiltinRule::MaxCommutative;ExtremaBuiltinRule::MaxEqLeftOfLessEqual;ExtremaBuiltinRule::MaxEqRightOfLessEqual;ExtremaBuiltinRule::MaxIdempotent;ExtremaBuiltinRule::MaxMonotone;ExtremaBuiltinRule::MinAbsorbMaxLeft;ExtremaBuiltinRule::MinAssociative;ExtremaBuiltinRule::MinCommutative;ExtremaBuiltinRule::MinEqLeftOfLessEqual;ExtremaBuiltinRule::MinEqRightOfLessEqual;ExtremaBuiltinRule::MinIdempotent;ExtremaBuiltinRule::MinLessEqualLeft;ExtremaBuiltinRule::MinLessEqualRight;ExtremaBuiltinRule::MinMonotone	direct_certificate_match	Codex	Result-driven generated .lean tracer plus real Lean kernel acceptance
Litex.Rules.{theorem}	theorem	src/stmt_result_to_lean_compiler/compiler/fact_proof_replay/extrema.rs:215	construct_lean_extrema_from_result	src/stmt_result_to_lean_compiler/compiler/fact_proof_replay/extrema.rs:172	let (expected_result, premise_left, premise_right, theorem) = match rule {	18	ExtremaBuiltinRule::LessEqualMaxLeft;ExtremaBuiltinRule::LessEqualMaxRight;ExtremaBuiltinRule::MaxAbsorbMinLeft;ExtremaBuiltinRule::MaxAssociative;ExtremaBuiltinRule::MaxCommutative;ExtremaBuiltinRule::MaxEqLeftOfLessEqual;ExtremaBuiltinRule::MaxEqRightOfLessEqual;ExtremaBuiltinRule::MaxIdempotent;ExtremaBuiltinRule::MaxMonotone;ExtremaBuiltinRule::MinAbsorbMaxLeft;ExtremaBuiltinRule::MinAssociative;ExtremaBuiltinRule::MinCommutative;ExtremaBuiltinRule::MinEqLeftOfLessEqual;ExtremaBuiltinRule::MinEqRightOfLessEqual;ExtremaBuiltinRule::MinIdempotent;ExtremaBuiltinRule::MinLessEqualLeft;ExtremaBuiltinRule::MinLessEqualRight;ExtremaBuiltinRule::MinMonotone	direct_certificate_match	Codex	Result-driven generated .lean tracer plus real Lean kernel acceptance
Litex.Rules.{theorem}	theorem	src/stmt_result_to_lean_compiler/compiler/fact_proof_replay/extrema.rs:264	construct_lean_extrema_from_result	src/stmt_result_to_lean_compiler/compiler/fact_proof_replay/extrema.rs:232	let (first, second, third, fourth, theorem) = match (rule, left, right) {	18	ExtremaBuiltinRule::LessEqualMaxLeft;ExtremaBuiltinRule::LessEqualMaxRight;ExtremaBuiltinRule::MaxAbsorbMinLeft;ExtremaBuiltinRule::MaxAssociative;ExtremaBuiltinRule::MaxCommutative;ExtremaBuiltinRule::MaxEqLeftOfLessEqual;ExtremaBuiltinRule::MaxEqRightOfLessEqual;ExtremaBuiltinRule::MaxIdempotent;ExtremaBuiltinRule::MaxMonotone;ExtremaBuiltinRule::MinAbsorbMaxLeft;ExtremaBuiltinRule::MinAssociative;ExtremaBuiltinRule::MinCommutative;ExtremaBuiltinRule::MinEqLeftOfLessEqual;ExtremaBuiltinRule::MinEqRightOfLessEqual;ExtremaBuiltinRule::MinIdempotent;ExtremaBuiltinRule::MinLessEqualLeft;ExtremaBuiltinRule::MinLessEqualRight;ExtremaBuiltinRule::MinMonotone	direct_certificate_match	Codex	Result-driven generated .lean tracer plus real Lean kernel acceptance
Litex.Rules.{theorem}	theorem	src/stmt_result_to_lean_compiler/compiler/fact_proof_replay/extrema.rs:430	construct_lean_extrema_from_result	src/stmt_result_to_lean_compiler/compiler/fact_proof_replay/extrema.rs:423	let Some((arguments, theorem, selected_result, reverse)) = matched else {	18	ExtremaBuiltinRule::LessEqualMaxLeft;ExtremaBuiltinRule::LessEqualMaxRight;ExtremaBuiltinRule::MaxAbsorbMinLeft;ExtremaBuiltinRule::MaxAssociative;ExtremaBuiltinRule::MaxCommutative;ExtremaBuiltinRule::MaxEqLeftOfLessEqual;ExtremaBuiltinRule::MaxEqRightOfLessEqual;ExtremaBuiltinRule::MaxIdempotent;ExtremaBuiltinRule::MaxMonotone;ExtremaBuiltinRule::MinAbsorbMaxLeft;ExtremaBuiltinRule::MinAssociative;ExtremaBuiltinRule::MinCommutative;ExtremaBuiltinRule::MinEqLeftOfLessEqual;ExtremaBuiltinRule::MinEqRightOfLessEqual;ExtremaBuiltinRule::MinIdempotent;ExtremaBuiltinRule::MinLessEqualLeft;ExtremaBuiltinRule::MinLessEqualRight;ExtremaBuiltinRule::MinMonotone	direct_certificate_match	Codex	Result-driven generated .lean tracer plus real Lean kernel acceptance
Litex.Rules.{theorem}	theorem	src/stmt_result_to_lean_compiler/compiler/fact_proof_replay/real_membership_closure.rs:95	construct_lean_real_arithmetic_membership_closure_from_result	src/stmt_result_to_lean_compiler/compiler/fact_proof_replay/real_membership_closure.rs:32	let (left, right, theorem) = match (rule, target_element) {	6	RealArithmeticMembershipClosureBuiltinRule::Abs;RealArithmeticMembershipClosureBuiltinRule::Add;RealArithmeticMembershipClosureBuiltinRule::Div;RealArithmeticMembershipClosureBuiltinRule::Mul;RealArithmeticMembershipClosureBuiltinRule::Pow;RealArithmeticMembershipClosureBuiltinRule::Sub	direct_certificate_match	Codex	Result-driven generated .lean tracer plus real Lean kernel acceptance
Litex.Rules.{theorem}	theorem	src/stmt_result_to_lean_compiler/compiler/fact_proof_replay/standard_set_projection.rs:38	construct_lean_standard_set_membership_projection_from_result	src/stmt_result_to_lean_compiler/compiler/fact_proof_replay/standard_set_projection.rs:37	for theorem in standard_set_membership_projection_theorem_chain(*source_set, *target_set)? {	0		caller_selected_helper	Codex	Result-driven generated .lean tracer plus real Lean kernel acceptance
Litex.Rules.{theorem}	theorem	src/stmt_result_to_lean_compiler/compiler/proof_rendering/numeric_comparison.rs:148	render_closed_numeric_comparison_fact_from_result	src/stmt_result_to_lean_compiler/compiler/proof_rendering/numeric_comparison.rs:142	let theorem = if strict {	0		caller_selected_helper	Codex	Result-driven generated .lean tracer plus real Lean kernel acceptance
Litex.Rules.{theorem}	theorem	src/stmt_result_to_lean_compiler/compiler/proof_rendering/numeric_comparison.rs:160	render_closed_numeric_comparison_fact_from_result	src/stmt_result_to_lean_compiler/compiler/proof_rendering/numeric_comparison.rs:154	let theorem = if strict {	0		caller_selected_helper	Codex	Result-driven generated .lean tracer plus real Lean kernel acceptance
Litex.Rules.{theorem}	theorem	src/stmt_result_to_lean_compiler/compiler/proof_rendering/numeric_membership.rs:124	render_closed_real_expression_membership	src/stmt_result_to_lean_compiler/compiler/proof_rendering/numeric_membership.rs:84	let (left, right, theorem) = match element {	0		caller_selected_helper	Codex	Result-driven generated .lean tracer plus real Lean kernel acceptance
Litex.Rules.{theorem}	theorem	src/stmt_result_to_lean_compiler/compiler/proof_rendering/numeric_sign_rendering.rs:107	render_additive_sign_rule_from_compiled_children	src/stmt_result_to_lean_compiler/compiler/proof_rendering/numeric_sign_rendering.rs:28	let (target_is_strict, left_is_strict, right_is_strict, theorem) = match rule {	0		caller_selected_helper	Codex	Result-driven generated .lean tracer plus real Lean kernel acceptance
Litex.Rules.{theorem}	theorem	src/stmt_result_to_lean_compiler/compiler/proof_rendering/numeric_sign_rendering.rs:256	transport_zero_ended_order_fact_proof_to_current_numeric_representation	src/stmt_result_to_lean_compiler/compiler/proof_rendering/numeric_sign_rendering.rs:250	let theorem = match (is_literal_zero(source_left), strict) {	0		caller_selected_helper	Codex	Result-driven generated .lean tracer plus real Lean kernel acceptance
Litex.SetRules.{theorem}	theorem	src/stmt_result_to_lean_compiler/compiler/proof_rendering/set_algebra_rules.rs:84	render_extended_set_rule	src/stmt_result_to_lean_compiler/compiler/proof_rendering/set_algebra_rules.rs:75	let (expected, theorem) = if rule == LeanSetBuiltinCompilationKind::SubsetUnionLeft {	0		caller_selected_helper	Codex	Result-driven generated .lean tracer plus real Lean kernel acceptance
Litex.SetRules.{theorem}	theorem	src/stmt_result_to_lean_compiler/compiler/proof_rendering/set_algebra_rules.rs:142	render_extended_set_rule	src/stmt_result_to_lean_compiler/compiler/proof_rendering/set_algebra_rules.rs:117	let (left, right, expected, theorem) = match (rule, source) {	0		caller_selected_helper	Codex	Result-driven generated .lean tracer plus real Lean kernel acceptance
Litex.SetRules.{theorem}	theorem	src/stmt_result_to_lean_compiler/compiler/proof_rendering/set_algebra_rules.rs:178	render_extended_set_rule	src/stmt_result_to_lean_compiler/compiler/proof_rendering/set_algebra_rules.rs:151	let (left, right, theorem, expected_premises) = match (rule, target) {	0		caller_selected_helper	Codex	Result-driven generated .lean tracer plus real Lean kernel acceptance
Litex.SetRules.{theorem}	theorem	src/stmt_result_to_lean_compiler/compiler/proof_rendering/set_algebra_rules.rs:208	render_extended_set_rule	src/stmt_result_to_lean_compiler/compiler/proof_rendering/set_algebra_rules.rs:197	let (expected, theorem) = if rule == LeanSetBuiltinCompilationKind::UnionNonemptyLeft {	0		caller_selected_helper	Codex	Result-driven generated .lean tracer plus real Lean kernel acceptance
Litex.SetRules.{theorem}	theorem	src/stmt_result_to_lean_compiler/compiler/proof_rendering/set_algebra_rules.rs:296	render_extended_set_rule	src/stmt_result_to_lean_compiler/compiler/proof_rendering/set_algebra_rules.rs:273	let (expected_result, expected_left, expected_right, theorem) =	0		caller_selected_helper	Codex	Result-driven generated .lean tracer plus real Lean kernel acceptance
Litex.SetRules.{theorem}	theorem	src/stmt_result_to_lean_compiler/compiler/proof_rendering/set_algebra_rules.rs:525	render_elementary_set_equality	src/stmt_result_to_lean_compiler/compiler/proof_rendering/set_algebra_rules.rs:509	let (removed, theorem) = if obj_equality_key(intersection.right.as_ref())	0		caller_selected_helper	Codex	Result-driven generated .lean tracer plus real Lean kernel acceptance
Litex.SetRules.{theorem}	theorem	src/stmt_result_to_lean_compiler/compiler/proof_rendering/set_algebra_rules.rs:604	render_union_absorption_from_subset	src/stmt_result_to_lean_compiler/compiler/proof_rendering/set_algebra_rules.rs:593	let theorem = if obj_equality_key(union.left.as_ref()) == obj_equality_key(subset)	0		caller_selected_helper	Codex	Result-driven generated .lean tracer plus real Lean kernel acceptance
Litex.SetRules.{theorem}	theorem	src/stmt_result_to_lean_compiler/compiler/proof_rendering/set_algebra_rules.rs:758	render_three_set_equality	src/stmt_result_to_lean_compiler/compiler/proof_rendering/set_algebra_rules.rs:673	let (first, second, third, theorem) = match rule {	0		caller_selected_helper	Codex	Result-driven generated .lean tracer plus real Lean kernel acceptance
Litex.SetRules.{theorem}	theorem	src/stmt_result_to_lean_compiler/compiler/proof_rendering/standard_set_projection.rs:114	render_base_set_builtin_rule_from_compiled_children	src/stmt_result_to_lean_compiler/compiler/proof_rendering/standard_set_projection.rs:104	let (selected_set, theorem) = if rule == SetBuiltinRule::UnionMembershipLeft {	8	SetBuiltinRule::IntersectMembershipBoth;SetBuiltinRule::IntersectNonMembershipLeft;SetBuiltinRule::IntersectNonMembershipRight;SetBuiltinRule::SetMinusMembership;SetBuiltinRule::SubsetReflexivity;SetBuiltinRule::SupersetReflexivity;SetBuiltinRule::UnionMembershipLeft;SetBuiltinRule::UnionMembershipRight	direct_certificate_match	Codex	Result-driven generated .lean tracer plus real Lean kernel acceptance
Litex.SetRules.{theorem}	theorem	src/stmt_result_to_lean_compiler/compiler/proof_rendering/standard_set_projection.rs:159	render_base_set_builtin_rule_from_compiled_children	src/stmt_result_to_lean_compiler/compiler/proof_rendering/standard_set_projection.rs:149	let (selected_set, theorem) = if rule == SetBuiltinRule::IntersectNonMembershipLeft {	8	SetBuiltinRule::IntersectMembershipBoth;SetBuiltinRule::IntersectNonMembershipLeft;SetBuiltinRule::IntersectNonMembershipRight;SetBuiltinRule::SetMinusMembership;SetBuiltinRule::SubsetReflexivity;SetBuiltinRule::SupersetReflexivity;SetBuiltinRule::UnionMembershipLeft;SetBuiltinRule::UnionMembershipRight	direct_certificate_match	Codex	Result-driven generated .lean tracer plus real Lean kernel acceptance
Litex.SetRules.{theorem}	theorem	src/stmt_result_to_lean_compiler/compiler/proof_rendering/structural_set_equality.rs:108	render_structural_set_equality	src/stmt_result_to_lean_compiler/compiler/proof_rendering/structural_set_equality.rs:102	let theorem = if left_empty {	0		caller_selected_helper	Codex	Result-driven generated .lean tracer plus real Lean kernel acceptance
Litex.{predicate}.congr	predicate	src/stmt_result_to_lean_compiler/compiler/structured_proofs.rs:3629	construct_lean_runtime_resolved_numeric_comparison_from_assignment_result	src/stmt_result_to_lean_compiler/compiler/structured_proofs.rs:3621	let (predicate, theorem) = if allow_equal {	0		caller_selected_helper	Codex	Result-driven generated .lean tracer plus real Lean kernel acceptance
Litex.{predicate}.intro	predicate	src/stmt_result_to_lean_compiler/compiler/proof_rendering/numeric_comparison.rs:85	render_closed_numeric_comparison_fact	src/stmt_result_to_lean_compiler/compiler/proof_rendering/numeric_comparison.rs:79	"let predicate = if theorem == ""ltOfComplexReals"" {"	0		caller_selected_helper	Codex	Result-driven generated .lean tracer plus real Lean kernel acceptance
Litex.{predicate}.intro	predicate	src/stmt_result_to_lean_compiler/compiler/proof_rendering/set_builder_membership.rs:345	render_role_preserving_zero_substitution	src/stmt_result_to_lean_compiler/compiler/proof_rendering/set_builder_membership.rs:337	let predicate = if object_is_symbol(left, binder_symbol_id) && is_literal_zero(right) {	0		caller_selected_helper	Codex	Result-driven generated .lean tracer plus real Lean kernel acceptance
Litex.{semantic_sign}	semantic_sign	src/stmt_result_to_lean_compiler/compiler/proof_rendering/set_builder_membership.rs:507	render_set_builder_predicate_projection_from_fact_and_proof	src/stmt_result_to_lean_compiler/compiler/proof_rendering/set_builder_membership.rs:489	let semantic_sign = if is_literal_zero(left) && object_is_symbol(right, builder.symbol_id) {	0		caller_selected_helper	Codex	Result-driven generated .lean tracer plus real Lean kernel acceptance
Litex.{semantic_sign}.intro	semantic_sign	src/stmt_result_to_lean_compiler/compiler/proof_rendering/set_builder_membership.rs:521	render_set_builder_predicate_projection_from_fact_and_proof	src/stmt_result_to_lean_compiler/compiler/proof_rendering/set_builder_membership.rs:489	let semantic_sign = if is_literal_zero(left) && object_is_symbol(right, builder.symbol_id) {	0		caller_selected_helper	Codex	Result-driven generated .lean tracer plus real Lean kernel acceptance
Litex.{theorem}	theorem	src/stmt_result_to_lean_compiler/compiler/builtin_evidence_compilation.rs:594	construct_lean_number_theory_reflection_from_result	src/stmt_result_to_lean_compiler/compiler/builtin_evidence_compilation.rs:588	let theorem = if negated {	0		caller_selected_helper	Codex	Result-driven generated .lean tracer plus real Lean kernel acceptance
Litex.{theorem}	theorem	src/stmt_result_to_lean_compiler/compiler/builtin_evidence_compilation.rs:604	construct_lean_number_theory_reflection_from_result	src/stmt_result_to_lean_compiler/compiler/builtin_evidence_compilation.rs:598	let theorem = if negated {	0		caller_selected_helper	Codex	Result-driven generated .lean tracer plus real Lean kernel acceptance
