example	classification	strict_positive_eligible	source_boundary_count	source_boundary_kinds	source_references	checked_axiom_count	checked_axiom_references
10_ExistentialWitness.lit	trust_free	true	0			0	
11_ObjectDefinitions.lit	trust_free	true	0			0	
12_NamedFunction.lit	trust_free	true	0			0	
13_PredicateDefinitions.lit	trust_free	true	0			0	
14_SetBuilderAndChoice.lit	trust_free	true	0			0	
15_BuiltinStrategy.lit	trust_free	true	0			0	
16_StandardSetHierarchy.lit	trust_free	true	0			0	
17_NumericCarrierClosures.lit	trust_free	true	0			0	
18_RationalNaturalClosures.lit	trust_free	true	0			0	
19_NativeConstants.lit	trust_free	true	0			0	
1_SetSystem.lit	trust_free	true	0			0	
20_PositiveNaturalCarrier.lit	trust_free	true	0			0	
21_PositiveRealCarrier.lit	trust_free	true	0			0	
22_NonzeroNumericCarriers.lit	trust_free	true	0			0	
23_MultilayerApplication.lit	trust_free	true	0			0	
24_DependentAnonymousFunction.lit	trust_free	true	0			0	
25_ExplicitSourceAxioms.lit	source_declared_trust_boundary	false	2	abstract_prop:1;trust:1	lean/examples/25_ExplicitSourceAxioms.lit:6;lean/examples/25_ExplicitSourceAxioms.lit:10	2	lean/examples/25_ExplicitSourceAxioms.lean:20;lean/examples/25_ExplicitSourceAxioms.lean:22
26_CollectionsAndAggregates.lit	trust_free	true	0			0	
27_SetOperators.lit	trust_free	true	0			0	
28_ExtendedSetRules.lit	trust_free	true	0			0	
29_IndexedTupleCompilerEnvironment.lit	trust_free	true	0			0	
2_OrderSystem.lit	trust_free	true	0			0	
30_IndexedSequenceCompilerEnvironment.lit	trust_free	true	0			0	
31_FiniteSequenceCompilerEnvironment.lit	trust_free	true	0			0	
33_NonemptySetWitnessCompilerEnvironment.lit	trust_free	true	0			0	
34_PredicateBackedWitnessResultComposition.lit	trust_free	true	0			0	
35_SourceAxiomResultBoundary.lit	source_declared_trust_boundary	false	1	axiom:1	lean/examples/35_SourceAxiomResultBoundary.lit:10	1	lean/examples/35_SourceAxiomResultBoundary.lean:8
36_KnownForallResultComposition.lit	source_declared_trust_boundary	false	2	abstract_prop:1;axiom:1	lean/examples/36_KnownForallResultComposition.lit:12;lean/examples/36_KnownForallResultComposition.lit:14	2	lean/examples/36_KnownForallResultComposition.lean:20;lean/examples/36_KnownForallResultComposition.lean:22
37_TrustedObjectResultComposition.lit	source_declared_trust_boundary	false	2	trust:2	lean/examples/37_TrustedObjectResultComposition.lit:16;lean/examples/37_TrustedObjectResultComposition.lit:18	3	lean/examples/37_TrustedObjectResultComposition.lean:8;lean/examples/37_TrustedObjectResultComposition.lean:13;lean/examples/37_TrustedObjectResultComposition.lean:18
38_FactTransformationResultComposition.lit	source_declared_trust_boundary	false	1	trust:1	lean/examples/38_FactTransformationResultComposition.lit:16	1	lean/examples/38_FactTransformationResultComposition.lean:8
39_CheckedNamedFunctionReductionResultComposition.lit	trust_free	true	0			0	
3_AtomicEquality.lit	trust_free	true	0			0	
40_RegisteredOrderResultComposition.lit	trust_free	true	0			0	
41_ClearOrdinaryName.lit	trust_free	true	0			0	
43_StrategyDefinitionCompilerEnvironment.lit	trust_free	true	0			0	
44_SettingElaborationResult.lit	trust_free	true	0			0	
45_OrderReflexivityAndNumericComparisonResults.lit	trust_free	true	0			0	
46_RegisteredPredicateCompilerEnvironment.lit	trust_free	true	0			0	
47_DefinedPredicateInferenceCompilerEnvironment.lit	source_declared_trust_boundary	false	2	trust:2	lean/examples/47_DefinedPredicateInferenceCompilerEnvironment.lit:20;lean/examples/47_DefinedPredicateInferenceCompilerEnvironment.lit:21	2	lean/examples/47_DefinedPredicateInferenceCompilerEnvironment.lean:34;lean/examples/47_DefinedPredicateInferenceCompilerEnvironment.lean:54
48_NumericEvalResultComposition.lit	trust_free	true	0			0	
49_RegisteredSubtractionAndOrderResultComposition.lit	trust_free	true	0			0	
4_FunctionSet.lit	trust_free	true	0			0	
50_SetExtensionResultComposition.lit	trust_free	true	0			0	
51_FiniteEnumerationResultComposition.lit	trust_free	true	0			0	
52_IntegerRangeIterationResultComposition.lit	trust_free	true	0			0	
53_RuntimeResolvedComparisonFromDefinitionResults.lit	trust_free	true	0			0	
54_ComplexAlgebraicCalculation.lit	trust_free	true	0			0	
55_TemplateSequenceInstantiationResult.lit	trust_free	true	0			0	
56_StructuredIntegerInductionResult.lit	trust_free	true	0			0	
57_KnownForallFactIdProvenance.lit	trust_free	true	0			0	
58_ElementarySetAlgebraCompletion.lit	trust_free	true	0			0	
59_TransparentLetResolution.lit	trust_free	true	0			0	
5_AtomicMembership.lit	trust_free	true	0			0	
60_OddSumToSquare.lit	trust_free	true	0			0	
61_TheoremApplicationScope.lit	trust_free	true	0			0	
62_BuiltinTheoremApplications.lit	trust_free	true	0			0	
64_RealSequenceCompleteness.lit	trust_free	true	0			0	
65_ImplicitNumericBinder.lit	trust_free	true	0			0	
66_LocalTypedSetDefinition.lit	trust_free	true	0			0	
67_LocalRealCompleteness.lit	trust_free	true	0			0	
68_LocalTransparentSetMembership.lit	trust_free	true	0			0	
69_RealCauchyFromCompleteness.lit	trust_free	true	0			0	
6_FactReplay.lit	trust_free	true	0			0	
70_LocalRealGreatestLowerBound.lit	trust_free	true	0			0	
7_PropositionalFacts.lit	trust_free	true	0			0	
8_ProofScopes.lit	trust_free	true	0			0	
9_CasesAndContradiction.lit	trust_free	true	0			0	
