test	current_class	first_boundary	kernel_probe	owner	next_gate
builtin_strategy_result_marks_each_selected_layer_and_replays_exact_rules	kernel_checked_expectation_drift	test expects selected-carrier In.rep and __domain1; current exact-carrier output uses native real a and __domain_f51	lean h3_builtin_strategy.lean exit 0	Codex after compiler freeze	rewrite assertion around theorem identity and exact Result route, not generated local names
collections_and_aggregates_use_exact_typed_carriers	compiler_gap	statement Result 7: integer range sum has no active Result-owned WD context	not reached	User handoff -> Codex	install the retained aggregate WD scope before object-reflexivity replay and add a negative missing-scope test
compound_anonymous_functions_replay_their_owned_wd_scope	compiler_gap	statement Result 1: anonymous function has no active Result-owned WD context	not reached	User handoff -> Codex	install AnonymousFunctionBodyMembership Result scope before lowering the function value
conjunction_disjunction_and_alpha_forall_citations_replay_exact_evidence	kernel_checked_expectation_drift	test expects __prior1_0 and __domain1 names; generated names are globally FactId-stable variants	lean h3_shape_probe.lean exit 0	Codex after compiler freeze	assert exact cited proof route without binding volatile local counters
conjunction_projection_replays_inferred_fact_ids	kernel_checked_expectation_drift	test expects __infer0_0 and __domain1 names; current compiler uses globally stable Result-derived suffixes	lean h3_shape_probe.lean exit 0	Codex after compiler freeze	assert both projection terms and target FactId without fixed local counters
existential_intro_and_elim_use_native_carrier_and_exact_projections	kernel_checked_expectation_drift	test expects witness x : C; exact-carrier ABI now emits x : Litex.R.Carrier	lean h3_shape_probe.lean exit 0	Codex after compiler freeze	update the acceptance contract to exact-carrier existential witnesses and retained membership
known_equality_paths_replay_same_symmetry_and_transitivity	kernel_checked_expectation_drift	test expects __domain1/__domain2; current route still emits Litex.Same.symm/trans over __domain_f IDs	lean h3_shape_probe.lean exit 0	Codex after compiler freeze	bind the assertion to Same.symm/trans and Result FactId provenance, not local spelling
known_forall_multi_conclusion_fact_id_provenance_compiles_both_exact_projections	compiler_gap	conjunction-component route rejects parameter 0 changing from (2 : R) to (2 : C)	not reached	User handoff -> Codex	define and implement the exact-carrier transport admitted for known-forall application parameters
litex_to_mathlib_pipeline_showcase_generated_lean_has_not_drifted	kernel_checked_checked_in_drift	generated module differs from checked-in showcase module	lean h3_showcase1.lean exit 0	Codex after compiler freeze	regenerate the checked-in module in one owned synchronization pass
multilayer_application_preserves_each_unary_source_contract	compiler_gap	ForallProof WD install expects Positive a or selected carrier but retained Lt uses native-real a	not reached	User handoff -> Codex	normalize exact-carrier domain clauses at the Result-owned WD boundary
named_real_functions_compile_compound_bodies_and_domain_clauses	compiler_gap	checked real function reduction rejects native-real a representation as unrelated	not reached	User handoff -> Codex	thread the selected/native carrier equality through named-function reduction
nested_forall_premises_replay_parameter_aliases_and_normalization	compiler_gap	generated Lean passes the wrong membership proof to fnApply at line 9	lean h3_nested_forall_probe.lean exit 1	User handoff -> Codex	fix nested binder alias selection and require this generated module to pass real Lean
not_equal_symmetry_negates_heterogeneous_same	kernel_checked_expectation_drift	test expects a convert wrapper and __domain1; direct Result route emits notSameSymm __domain_f16	lean h3_shape_probe.lean exit 0	Codex after compiler freeze	assert notSameSymm consumes the retained premise while allowing proof-expression normalization
order_tracer_compiles_catalog_rule_and_rejects_non_catalog_transitivity	kernel_checked_expectation_drift	strict-to-weak text changed and the former transitivity negative boundary is now implemented	lean h3_order.lean and h3_order_transitivity_probe.lean exit 0	Codex after compiler freeze	split positive route assertions from the newly positive transitivity tracer
predicate_backed_witness_compiles_all_retained_fact_ids	kernel_checked_expectation_drift	test expects existential witness carrier C; compiler emits Litex.R.Carrier	lean h3_predicate_witness_probe.lean exit 0	Codex after compiler freeze	update exact-carrier witness assertion while preserving all three FactIds
proof_scope_tracer_emits_named_theorem_claim_and_example	kernel_checked_expectation_drift	test expects have __step1; Result-derived global name is __step1_0 or later	lean h3_proof_scope_probe.lean exit 0	Codex after compiler freeze	assert claim/example scope and proof term without a fixed step counter
rational_and_natural_carrier_closures_replay_exact_rules	kernel_checked_expectation_drift	test expects naturalRepNonnegative; current route derives nonnegativeOfInN from exact membership	lean h3_rational_natural.lean exit 0	Codex after compiler freeze	update the named certificate expectation and keep Q/N representative assertions
real_sequence_definitions_stable_tracer_generated_lean_has_not_drifted	kernel_checked_checked_in_drift	generated module differs from checked-in Example 64 module	lean h3_real_sequence.lean exit 0	Codex after compiler freeze	regenerate the checked-in module in one owned synchronization pass
set_extension_combines_two_typed_subset_reflexivity_child_results	kernel_checked_expectation_drift	test still expects fail-closed set.subset_reflexivity; route now compiles	lean h3_set_reflexivity_probe.lean exit 0	Codex after compiler freeze	turn the former negative test into a positive exact-child Result tracer
set_extension_compiles_nested_finite_enumeration_proof_steps	kernel_checked_expectation_drift	test expects have __step1/__step2; current Result-derived names are __step0_0/__step0_1	lean h3_set_enum_probe.lean exit 0	Codex after compiler freeze	assert two ordered finite-enumeration children without fixed local counters
subtractive_strategy_rule_compiles_from_registered_certificate	kernel_checked_expectation_drift	test expects In.rep a/b; exact-carrier output uses native reals directly	lean h3_shape_probe.lean exit 0	Codex after compiler freeze	assert registered certificate identity and endpoints, not obsolete carrier coercion syntax
