lean_symbol	compiler_reference_count	compiler_references
Litex.AsComplex.complex	2	src/stmt_result_to_lean_compiler/compiler/fact_proof_replay/native_equality.rs:10;src/stmt_result_to_lean_compiler/compiler/proof_rendering/exact_predicate_transport.rs:135
Litex.AsComplex.int	1	src/stmt_result_to_lean_compiler/compiler/fact_proof_replay/native_equality.rs:32
Litex.AsComplex.rat	1	src/stmt_result_to_lean_compiler/compiler/fact_proof_replay/native_equality.rs:39
Litex.AsComplex.real	2	src/stmt_result_to_lean_compiler/compiler/fact_proof_replay/native_equality.rs:25;src/stmt_result_to_lean_compiler/compiler/proof_rendering/exact_predicate_transport.rs:135
Litex.AsReal.complex	2	src/stmt_result_to_lean_compiler/compiler/proof_rendering/numeric_comparison.rs:85;src/stmt_result_to_lean_compiler/compiler/proof_rendering/set_builder_membership.rs:398
Litex.C	4	src/stmt_result_to_lean_compiler/compiler/builtin_evidence_compilation.rs:680;src/stmt_result_to_lean_compiler/compiler/proof_rendering/object_values.rs:42;src/stmt_result_to_lean_compiler/compiler/source_rendering/standard_sets.rs:23;src/stmt_result_to_lean_compiler/compiler/source_rendering/standard_sets.rs:51
Litex.CStar	2	src/stmt_result_to_lean_compiler/compiler/source_rendering/standard_sets.rs:32;src/stmt_result_to_lean_compiler/compiler/source_rendering/standard_sets.rs:52
Litex.ComplexObserver	2	src/stmt_result_to_lean_compiler/compiler/proof_rendering/abstract_predicate_definitions.rs:67;src/stmt_result_to_lean_compiler/compiler/proof_rendering/abstract_predicate_definitions.rs:68
Litex.ComplexObserver.none	4	src/stmt_result_to_lean_compiler/compiler/proof_rendering/list_set_elimination.rs:16;src/stmt_result_to_lean_compiler/compiler/source_rendering/fact_rendering.rs:168;src/stmt_result_to_lean_compiler/compiler/source_rendering/fact_rendering.rs:186;src/stmt_result_to_lean_compiler/compiler/source_rendering/fact_rendering.rs:201
Litex.Coprime	2	src/stmt_result_to_lean_compiler/compiler/source_rendering/fact_rendering.rs:21;src/stmt_result_to_lean_compiler/compiler/source_rendering/fact_rendering.rs:81
Litex.Fn	1	src/stmt_result_to_lean_compiler/compiler/source_rendering/function_types.rs:170
Litex.Fn.callOwn	1	src/stmt_result_to_lean_compiler/compiler/fact_proof_replay/range_sum_order.rs:121
Litex.FnTelescope	1	src/stmt_result_to_lean_compiler/compiler/source_rendering/function_types.rs:81
Litex.FnTelescope.Carrier	1	src/stmt_result_to_lean_compiler/compiler/source_rendering/function_types.rs:160
Litex.FnTelescope.done	1	src/stmt_result_to_lean_compiler/compiler/source_rendering/function_types.rs:77
Litex.FnTelescope.parameter	1	src/stmt_result_to_lean_compiler/compiler/source_rendering/function_types.rs:18
Litex.FnTelescope.requirement	1	src/stmt_result_to_lean_compiler/compiler/source_rendering/function_types.rs:62
Litex.FnWhere	1	src/stmt_result_to_lean_compiler/compiler/source_rendering/function_types.rs:173
Litex.HCons.mk	1	src/stmt_result_to_lean_compiler/compiler/source_rendering/typed_spines.rs:45
Litex.HNil.nil	1	src/stmt_result_to_lean_compiler/compiler/source_rendering/typed_spines.rs:42
Litex.In	35	src/stmt_result_to_lean_compiler/compiler/builtin_evidence_compilation.rs:680;src/stmt_result_to_lean_compiler/compiler/builtin_evidence_compilation.rs:894;src/stmt_result_to_lean_compiler/compiler/builtin_evidence_compilation.rs:952;src/stmt_result_to_lean_compiler/compiler/builtin_evidence_compilation.rs:1204;src/stmt_result_to_lean_compiler/compiler/fact_compilation/universal_facts.rs:545;src/stmt_result_to_lean_compiler/compiler/fact_proof_replay/function_application_membership.rs:66;src/stmt_result_to_lean_compiler/compiler/fact_proof_replay/function_membership.rs:207;src/stmt_result_to_lean_compiler/compiler/fact_proof_replay/known_forall_instantiation.rs:389;src/stmt_result_to_lean_compiler/compiler/fact_proof_replay/known_forall_instantiation.rs:430;src/stmt_result_to_lean_compiler/compiler/object_definitions/function_unique_existence.rs:255;src/stmt_result_to_lean_compiler/compiler/object_definitions/function_unique_existence.rs:375;src/stmt_result_to_lean_compiler/compiler/object_definitions/matrices.rs:361;src/stmt_result_to_lean_compiler/compiler/object_definitions/proposition_definitions.rs:127;src/stmt_result_to_lean_compiler/compiler/object_definitions/sequences.rs:677;src/stmt_result_to_lean_compiler/compiler/object_definitions/tuples.rs:329;src/stmt_result_to_lean_compiler/compiler/proof_rendering/exact_predicate_transport.rs:344;src/stmt_result_to_lean_compiler/compiler/proof_rendering/forall_parameters.rs:234;src/stmt_result_to_lean_compiler/compiler/proof_rendering/forall_parameters.rs:257;src/stmt_result_to_lean_compiler/compiler/proof_rendering/forall_parameters.rs:261;src/stmt_result_to_lean_compiler/compiler/proof_rendering/forall_parameters.rs:346;src/stmt_result_to_lean_compiler/compiler/proof_rendering/forall_parameters.rs:349;src/stmt_result_to_lean_compiler/compiler/proof_rendering/function_reduction.rs:86;src/stmt_result_to_lean_compiler/compiler/source_rendering/existential_facts.rs:47;src/stmt_result_to_lean_compiler/compiler/source_rendering/fact_rendering.rs:132;src/stmt_result_to_lean_compiler/compiler/source_rendering/fact_rendering.rs:137;src/stmt_result_to_lean_compiler/compiler/source_rendering/function_applications.rs:553;src/stmt_result_to_lean_compiler/compiler/source_rendering/function_types.rs:18;src/stmt_result_to_lean_compiler/compiler/source_rendering/function_types.rs:149;src/stmt_result_to_lean_compiler/compiler/source_rendering/function_values.rs:44;src/stmt_result_to_lean_compiler/compiler/source_rendering/function_values.rs:325;src/stmt_result_to_lean_compiler/compiler/source_rendering/function_values.rs:357;src/stmt_result_to_lean_compiler/compiler/structured_proofs.rs:975;src/stmt_result_to_lean_compiler/compiler/structured_proofs.rs:1442;src/stmt_result_to_lean_compiler/compiler/theorem_compilation/named_forall.rs:343;src/stmt_result_to_lean_compiler/compiler/theorem_compilation/theorem_instantiation.rs:215
Litex.In.congr	8	src/stmt_result_to_lean_compiler/compiler/fact_proof_replay/fact_citations.rs:75;src/stmt_result_to_lean_compiler/compiler/fact_proof_replay/fact_transformations.rs:232;src/stmt_result_to_lean_compiler/compiler/fact_proof_replay/known_forall_instantiation.rs:395;src/stmt_result_to_lean_compiler/compiler/fact_proof_replay/known_forall_instantiation.rs:436;src/stmt_result_to_lean_compiler/compiler/fact_proof_replay/known_forall_instantiation.rs:572;src/stmt_result_to_lean_compiler/compiler/proof_rendering/power_membership_inference.rs:59;src/stmt_result_to_lean_compiler/compiler/proof_rendering/power_membership_inference.rs:127;src/stmt_result_to_lean_compiler/compiler/structured_proofs.rs:3289
Litex.In.own	40	src/stmt_result_to_lean_compiler/compiler/builtin_evidence_compilation.rs:898;src/stmt_result_to_lean_compiler/compiler/fact_compilation/defined_predicate_inference.rs:207;src/stmt_result_to_lean_compiler/compiler/fact_compilation/universal_facts.rs:417;src/stmt_result_to_lean_compiler/compiler/fact_proof_replay/function_application_membership.rs:71;src/stmt_result_to_lean_compiler/compiler/fact_proof_replay/function_membership.rs:212;src/stmt_result_to_lean_compiler/compiler/object_definitions/definition_proofs.rs:113;src/stmt_result_to_lean_compiler/compiler/object_definitions/definition_proofs.rs:482;src/stmt_result_to_lean_compiler/compiler/object_definitions/function_equalities.rs:283;src/stmt_result_to_lean_compiler/compiler/object_definitions/function_unique_existence.rs:271;src/stmt_result_to_lean_compiler/compiler/object_definitions/matrices.rs:519;src/stmt_result_to_lean_compiler/compiler/object_definitions/matrices.rs:542;src/stmt_result_to_lean_compiler/compiler/object_definitions/nonempty_objects.rs:97;src/stmt_result_to_lean_compiler/compiler/object_definitions/proposition_definitions.rs:134;src/stmt_result_to_lean_compiler/compiler/object_definitions/sequences.rs:320;src/stmt_result_to_lean_compiler/compiler/object_definitions/sequences.rs:347;src/stmt_result_to_lean_compiler/compiler/object_definitions/sequences.rs:843;src/stmt_result_to_lean_compiler/compiler/object_definitions/sequences.rs:869;src/stmt_result_to_lean_compiler/compiler/object_definitions/trust_statements.rs:194;src/stmt_result_to_lean_compiler/compiler/proof_rendering/exact_predicate_transport.rs:278;src/stmt_result_to_lean_compiler/compiler/proof_rendering/exact_predicate_transport.rs:774;src/stmt_result_to_lean_compiler/compiler/proof_rendering/forall_parameters.rs:233;src/stmt_result_to_lean_compiler/compiler/proof_rendering/function_reduction.rs:458;src/stmt_result_to_lean_compiler/compiler/proof_rendering/function_reduction.rs:511;src/stmt_result_to_lean_compiler/compiler/source_rendering/function_applications.rs:419;src/stmt_result_to_lean_compiler/compiler/source_rendering/function_applications.rs:449;src/stmt_result_to_lean_compiler/compiler/source_rendering/function_applications.rs:577;src/stmt_result_to_lean_compiler/compiler/source_rendering/function_applications.rs:586;src/stmt_result_to_lean_compiler/compiler/source_rendering/function_applications.rs:608;src/stmt_result_to_lean_compiler/compiler/source_rendering/function_applications.rs:840;src/stmt_result_to_lean_compiler/compiler/structured_proofs.rs:450;src/stmt_result_to_lean_compiler/compiler/structured_proofs.rs:737;src/stmt_result_to_lean_compiler/compiler/structured_proofs.rs:2190;src/stmt_result_to_lean_compiler/compiler/structured_proofs.rs:2309;src/stmt_result_to_lean_compiler/compiler/theorem_compilation/local_definition_steps.rs:171;src/stmt_result_to_lean_compiler/compiler/theorem_compilation/named_forall.rs:293;src/stmt_result_to_lean_compiler/compiler/theorem_compilation/real_analysis_builtins.rs:286;src/stmt_result_to_lean_compiler/compiler/theorem_compilation/real_analysis_builtins.rs:290;src/stmt_result_to_lean_compiler/compiler/theorem_compilation/real_analysis_builtins.rs:293;src/stmt_result_to_lean_compiler/compiler/theorem_compilation/theorem_instantiation.rs:255;src/stmt_result_to_lean_compiler/compiler/validation/well_definedness_installation.rs:148
Litex.In.rep	60	src/stmt_result_to_lean_compiler/compiler/fact_compilation/universal_facts.rs:350;src/stmt_result_to_lean_compiler/compiler/fact_compilation/universal_facts.rs:478;src/stmt_result_to_lean_compiler/compiler/fact_proof_replay/absolute_value.rs:411;src/stmt_result_to_lean_compiler/compiler/fact_proof_replay/absolute_value.rs:424;src/stmt_result_to_lean_compiler/compiler/fact_proof_replay/definition_projection.rs:149;src/stmt_result_to_lean_compiler/compiler/fact_proof_replay/extrema.rs:64;src/stmt_result_to_lean_compiler/compiler/fact_proof_replay/known_forall_instantiation.rs:225;src/stmt_result_to_lean_compiler/compiler/fact_proof_replay/known_forall_instantiation.rs:415;src/stmt_result_to_lean_compiler/compiler/fact_proof_replay/known_forall_instantiation.rs:463;src/stmt_result_to_lean_compiler/compiler/object_definitions/function_equalities.rs:14;src/stmt_result_to_lean_compiler/compiler/object_definitions/matrices.rs:264;src/stmt_result_to_lean_compiler/compiler/object_definitions/sequences.rs:143;src/stmt_result_to_lean_compiler/compiler/object_definitions/sequences.rs:147;src/stmt_result_to_lean_compiler/compiler/object_definitions/sequences.rs:151;src/stmt_result_to_lean_compiler/compiler/object_definitions/sequences.rs:155;src/stmt_result_to_lean_compiler/compiler/object_definitions/sequences.rs:187;src/stmt_result_to_lean_compiler/compiler/object_definitions/sequences.rs:621;src/stmt_result_to_lean_compiler/compiler/object_definitions/sequences.rs:625;src/stmt_result_to_lean_compiler/compiler/object_definitions/sequences.rs:629;src/stmt_result_to_lean_compiler/compiler/object_definitions/sequences.rs:633;src/stmt_result_to_lean_compiler/compiler/object_definitions/sequences.rs:669;src/stmt_result_to_lean_compiler/compiler/object_definitions/tuples.rs:295;src/stmt_result_to_lean_compiler/compiler/proof_rendering/exact_predicate_transport.rs:800;src/stmt_result_to_lean_compiler/compiler/proof_rendering/exact_predicate_transport.rs:804;src/stmt_result_to_lean_compiler/compiler/proof_rendering/forall_parameters.rs:260;src/stmt_result_to_lean_compiler/compiler/proof_rendering/forall_parameters.rs:626;src/stmt_result_to_lean_compiler/compiler/proof_rendering/predicate_arguments.rs:16;src/stmt_result_to_lean_compiler/compiler/proof_rendering/predicate_arguments.rs:67;src/stmt_result_to_lean_compiler/compiler/proof_rendering/predicate_arguments.rs:322;src/stmt_result_to_lean_compiler/compiler/proof_rendering/predicate_arguments.rs:332;src/stmt_result_to_lean_compiler/compiler/proof_rendering/predicate_arguments.rs:383;src/stmt_result_to_lean_compiler/compiler/proof_rendering/predicate_arguments.rs:384;src/stmt_result_to_lean_compiler/compiler/proof_rendering/predicate_arguments.rs:430;src/stmt_result_to_lean_compiler/compiler/proof_rendering/predicate_arguments.rs:448;src/stmt_result_to_lean_compiler/compiler/proof_rendering/predicate_arguments.rs:468;src/stmt_result_to_lean_compiler/compiler/proof_rendering/predicate_arguments.rs:469;src/stmt_result_to_lean_compiler/compiler/proof_rendering/set_builder_membership.rs:50;src/stmt_result_to_lean_compiler/compiler/proof_rendering/set_builder_membership.rs:249;src/stmt_result_to_lean_compiler/compiler/proof_rendering/set_builder_membership.rs:712;src/stmt_result_to_lean_compiler/compiler/source_rendering/existential_facts.rs:63;src/stmt_result_to_lean_compiler/compiler/source_rendering/function_values.rs:48;src/stmt_result_to_lean_compiler/compiler/source_rendering/function_values.rs:67;src/stmt_result_to_lean_compiler/compiler/source_rendering/function_values.rs:81;src/stmt_result_to_lean_compiler/compiler/source_rendering/function_values.rs:88;src/stmt_result_to_lean_compiler/compiler/source_rendering/function_values.rs:94;src/stmt_result_to_lean_compiler/compiler/source_rendering/function_values.rs:454;src/stmt_result_to_lean_compiler/compiler/source_rendering/function_values.rs:477;src/stmt_result_to_lean_compiler/compiler/source_rendering/numeric_set_certificates.rs:187;src/stmt_result_to_lean_compiler/compiler/source_rendering/numeric_set_certificates.rs:195;src/stmt_result_to_lean_compiler/compiler/source_rendering/numeric_set_certificates.rs:203;src/stmt_result_to_lean_compiler/compiler/source_rendering/numeric_set_certificates.rs:215;src/stmt_result_to_lean_compiler/compiler/source_rendering/numeric_set_certificates.rs:221;src/stmt_result_to_lean_compiler/compiler/source_rendering/numeric_set_certificates.rs:227;src/stmt_result_to_lean_compiler/compiler/source_rendering/numeric_set_certificates.rs:366;src/stmt_result_to_lean_compiler/compiler/source_rendering/typed_spines.rs:94;src/stmt_result_to_lean_compiler/compiler/structured_proofs.rs:447;src/stmt_result_to_lean_compiler/compiler/structured_proofs.rs:1021;src/stmt_result_to_lean_compiler/compiler/structured_proofs.rs:3019;src/stmt_result_to_lean_compiler/compiler/structured_proofs.rs:3467;src/stmt_result_to_lean_compiler/compiler/theorem_compilation/local_definition_steps.rs:164
Litex.In.rep_exact	3	src/stmt_result_to_lean_compiler/compiler/proof_rendering/function_reduction.rs:458;src/stmt_result_to_lean_compiler/compiler/proof_rendering/function_reduction.rs:511;src/stmt_result_to_lean_compiler/compiler/theorem_compilation/theorem_instantiation.rs:615
Litex.In.same_rep	22	src/stmt_result_to_lean_compiler/compiler/fact_proof_replay/absolute_value.rs:485;src/stmt_result_to_lean_compiler/compiler/fact_proof_replay/known_forall_instantiation.rs:329;src/stmt_result_to_lean_compiler/compiler/fact_proof_replay/known_forall_instantiation.rs:490;src/stmt_result_to_lean_compiler/compiler/proof_rendering/forall_parameters.rs:631;src/stmt_result_to_lean_compiler/compiler/proof_rendering/function_reduction.rs:305;src/stmt_result_to_lean_compiler/compiler/proof_rendering/function_reduction.rs:321;src/stmt_result_to_lean_compiler/compiler/proof_rendering/function_reduction.rs:364;src/stmt_result_to_lean_compiler/compiler/proof_rendering/function_reduction.rs:495;src/stmt_result_to_lean_compiler/compiler/proof_rendering/function_reduction.rs:499;src/stmt_result_to_lean_compiler/compiler/proof_rendering/predicate_arguments.rs:386;src/stmt_result_to_lean_compiler/compiler/proof_rendering/predicate_arguments.rs:403;src/stmt_result_to_lean_compiler/compiler/proof_rendering/predicate_arguments.rs:419;src/stmt_result_to_lean_compiler/compiler/proof_rendering/predicate_arguments.rs:434;src/stmt_result_to_lean_compiler/compiler/proof_rendering/predicate_arguments.rs:453;src/stmt_result_to_lean_compiler/compiler/proof_rendering/predicate_arguments.rs:474;src/stmt_result_to_lean_compiler/compiler/proof_rendering/set_builder_membership.rs:128;src/stmt_result_to_lean_compiler/compiler/proof_rendering/set_builder_membership.rs:204;src/stmt_result_to_lean_compiler/compiler/proof_rendering/set_builder_membership.rs:258;src/stmt_result_to_lean_compiler/compiler/source_rendering/numeric_set_certificates.rs:242;src/stmt_result_to_lean_compiler/compiler/structured_proofs.rs:461;src/stmt_result_to_lean_compiler/compiler/structured_proofs.rs:3497;src/stmt_result_to_lean_compiler/compiler/theorem_compilation/local_definition_steps.rs:180
Litex.IndexedTuple	1	src/stmt_result_to_lean_compiler/compiler/object_definitions/tuples.rs:156
Litex.IsTuple	1	src/stmt_result_to_lean_compiler/compiler/source_rendering/fact_rendering.rs:244
Litex.Le	22	src/stmt_result_to_lean_compiler/compiler/builtin_evidence_compilation.rs:1600;src/stmt_result_to_lean_compiler/compiler/builtin_evidence_compilation.rs:1712;src/stmt_result_to_lean_compiler/compiler/builtin_evidence_compilation.rs:2033;src/stmt_result_to_lean_compiler/compiler/fact_proof_replay/absolute_value.rs:82;src/stmt_result_to_lean_compiler/compiler/fact_proof_replay/absolute_value.rs:373;src/stmt_result_to_lean_compiler/compiler/fact_proof_replay/aggregates.rs:253;src/stmt_result_to_lean_compiler/compiler/fact_proof_replay/definition_projection.rs:149;src/stmt_result_to_lean_compiler/compiler/fact_proof_replay/fact_transformations.rs:366;src/stmt_result_to_lean_compiler/compiler/object_definitions/proposition_definitions.rs:116;src/stmt_result_to_lean_compiler/compiler/proof_rendering/exact_predicate_transport.rs:800;src/stmt_result_to_lean_compiler/compiler/proof_rendering/exact_predicate_transport.rs:804;src/stmt_result_to_lean_compiler/compiler/proof_rendering/numeric_comparison.rs:48;src/stmt_result_to_lean_compiler/compiler/proof_rendering/numeric_comparison.rs:96;src/stmt_result_to_lean_compiler/compiler/proof_rendering/set_builder_membership.rs:96;src/stmt_result_to_lean_compiler/compiler/proof_rendering/set_builder_membership.rs:326;src/stmt_result_to_lean_compiler/compiler/proof_rendering/set_builder_membership.rs:583;src/stmt_result_to_lean_compiler/compiler/source_rendering/fact_rendering.rs:369;src/stmt_result_to_lean_compiler/compiler/source_rendering/fact_rendering.rs:377;src/stmt_result_to_lean_compiler/compiler/source_rendering/fact_rendering.rs:397;src/stmt_result_to_lean_compiler/compiler/structured_proofs.rs:2009;src/stmt_result_to_lean_compiler/compiler/structured_proofs.rs:2316;src/stmt_result_to_lean_compiler/compiler/structured_proofs.rs:3633
Litex.Le.refl	1	src/stmt_result_to_lean_compiler/compiler/proof_rendering/registered_predicate_properties.rs:64
Litex.Le.trans	2	src/stmt_result_to_lean_compiler/compiler/builtin_evidence_compilation.rs:2146;src/stmt_result_to_lean_compiler/compiler/fact_compilation/inference_environment.rs:260
Litex.Le.transLt	3	src/stmt_result_to_lean_compiler/compiler/builtin_evidence_compilation.rs:2147;src/stmt_result_to_lean_compiler/compiler/fact_compilation/inference_environment.rs:261;src/stmt_result_to_lean_compiler/compiler/proof_rendering/inference_validation.rs:127
Litex.Lt	21	src/stmt_result_to_lean_compiler/compiler/builtin_evidence_compilation.rs:1428;src/stmt_result_to_lean_compiler/compiler/builtin_evidence_compilation.rs:1712;src/stmt_result_to_lean_compiler/compiler/builtin_evidence_compilation.rs:2033;src/stmt_result_to_lean_compiler/compiler/fact_compilation/algebraic_normalization.rs:433;src/stmt_result_to_lean_compiler/compiler/fact_proof_replay/absolute_value.rs:80;src/stmt_result_to_lean_compiler/compiler/fact_proof_replay/absolute_value.rs:373;src/stmt_result_to_lean_compiler/compiler/fact_proof_replay/definition_projection.rs:149;src/stmt_result_to_lean_compiler/compiler/fact_proof_replay/fact_transformations.rs:366;src/stmt_result_to_lean_compiler/compiler/object_definitions/proposition_definitions.rs:116;src/stmt_result_to_lean_compiler/compiler/proof_rendering/exact_predicate_transport.rs:800;src/stmt_result_to_lean_compiler/compiler/proof_rendering/exact_predicate_transport.rs:804;src/stmt_result_to_lean_compiler/compiler/proof_rendering/numeric_comparison.rs:48;src/stmt_result_to_lean_compiler/compiler/proof_rendering/numeric_comparison.rs:94;src/stmt_result_to_lean_compiler/compiler/proof_rendering/set_builder_membership.rs:96;src/stmt_result_to_lean_compiler/compiler/proof_rendering/set_builder_membership.rs:326;src/stmt_result_to_lean_compiler/compiler/proof_rendering/set_builder_membership.rs:583;src/stmt_result_to_lean_compiler/compiler/source_rendering/fact_rendering.rs:369;src/stmt_result_to_lean_compiler/compiler/source_rendering/fact_rendering.rs:377;src/stmt_result_to_lean_compiler/compiler/source_rendering/fact_rendering.rs:397;src/stmt_result_to_lean_compiler/compiler/structured_proofs.rs:3633;src/stmt_result_to_lean_compiler/compiler/theorem_compilation/real_analysis_builtins.rs:306
Litex.Lt.irrefl	1	src/stmt_result_to_lean_compiler/compiler/proof_rendering/registered_predicate_properties.rs:66
Litex.Lt.toLe	6	src/stmt_result_to_lean_compiler/compiler/builtin_evidence_compilation.rs:1470;src/stmt_result_to_lean_compiler/compiler/builtin_evidence_compilation.rs:2026;src/stmt_result_to_lean_compiler/compiler/builtin_evidence_compilation.rs:2153;src/stmt_result_to_lean_compiler/compiler/fact_compilation/inference_environment.rs:679;src/stmt_result_to_lean_compiler/compiler/proof_rendering/inference_validation.rs:117;src/stmt_result_to_lean_compiler/compiler/proof_rendering/inference_validation.rs:129
Litex.Lt.trans	4	src/stmt_result_to_lean_compiler/compiler/builtin_evidence_compilation.rs:2149;src/stmt_result_to_lean_compiler/compiler/fact_compilation/inference_environment.rs:263;src/stmt_result_to_lean_compiler/compiler/proof_rendering/inference_validation.rs:99;src/stmt_result_to_lean_compiler/compiler/proof_rendering/inference_validation.rs:125
Litex.Lt.transLe	3	src/stmt_result_to_lean_compiler/compiler/builtin_evidence_compilation.rs:2148;src/stmt_result_to_lean_compiler/compiler/fact_compilation/inference_environment.rs:262;src/stmt_result_to_lean_compiler/compiler/proof_rendering/inference_validation.rs:101
Litex.N	2	src/stmt_result_to_lean_compiler/compiler/source_rendering/standard_sets.rs:19;src/stmt_result_to_lean_compiler/compiler/source_rendering/standard_sets.rs:39
Litex.NPos	6	src/stmt_result_to_lean_compiler/compiler/object_definitions/matrices.rs:361;src/stmt_result_to_lean_compiler/compiler/object_definitions/sequences.rs:677;src/stmt_result_to_lean_compiler/compiler/proof_rendering/function_reduction.rs:511;src/stmt_result_to_lean_compiler/compiler/source_rendering/function_applications.rs:608;src/stmt_result_to_lean_compiler/compiler/source_rendering/standard_sets.rs:18;src/stmt_result_to_lean_compiler/compiler/source_rendering/standard_sets.rs:40
Litex.NPos.Carrier	3	src/stmt_result_to_lean_compiler/compiler/proof_rendering/function_reduction.rs:509;src/stmt_result_to_lean_compiler/compiler/proof_rendering/function_reduction.rs:511;src/stmt_result_to_lean_compiler/compiler/source_rendering/function_applications.rs:599
Litex.Negative	5	src/stmt_result_to_lean_compiler/compiler/proof_rendering/inference_validation.rs:388;src/stmt_result_to_lean_compiler/compiler/proof_rendering/numeric_sign_rendering.rs:214;src/stmt_result_to_lean_compiler/compiler/proof_rendering/representative_transport.rs:156;src/stmt_result_to_lean_compiler/compiler/source_rendering/fact_rendering.rs:334;src/stmt_result_to_lean_compiler/compiler/source_rendering/fact_rendering.rs:391
Litex.Negative.toNonpositive	2	src/stmt_result_to_lean_compiler/compiler/fact_compilation/inference_environment.rs:676;src/stmt_result_to_lean_compiler/compiler/fact_compilation/inference_environment.rs:694
Litex.Nonnegative	8	src/stmt_result_to_lean_compiler/compiler/builtin_evidence_compilation.rs:1948;src/stmt_result_to_lean_compiler/compiler/proof_rendering/inference_validation.rs:316;src/stmt_result_to_lean_compiler/compiler/proof_rendering/numeric_sign_rendering.rs:143;src/stmt_result_to_lean_compiler/compiler/proof_rendering/numeric_sign_rendering.rs:183;src/stmt_result_to_lean_compiler/compiler/proof_rendering/numeric_sign_rendering.rs:207;src/stmt_result_to_lean_compiler/compiler/proof_rendering/representative_transport.rs:152;src/stmt_result_to_lean_compiler/compiler/source_rendering/fact_rendering.rs:325;src/stmt_result_to_lean_compiler/compiler/source_rendering/fact_rendering.rs:385
Litex.Nonpositive	4	src/stmt_result_to_lean_compiler/compiler/proof_rendering/numeric_sign_rendering.rs:216;src/stmt_result_to_lean_compiler/compiler/proof_rendering/representative_transport.rs:158;src/stmt_result_to_lean_compiler/compiler/source_rendering/fact_rendering.rs:336;src/stmt_result_to_lean_compiler/compiler/source_rendering/fact_rendering.rs:393
Litex.OrderBridge.leOfReal	1	src/stmt_result_to_lean_compiler/compiler/builtin_evidence_compilation.rs:1956
Litex.OrderBridge.ltOfComplexReals	3	src/stmt_result_to_lean_compiler/compiler/proof_rendering/inference_validation.rs:95;src/stmt_result_to_lean_compiler/compiler/proof_rendering/inference_validation.rs:121;src/stmt_result_to_lean_compiler/compiler/theorem_compilation/real_analysis_builtins.rs:306
Litex.OrderValue	16	src/stmt_result_to_lean_compiler/compiler/builtin_evidence_compilation.rs:1600;src/stmt_result_to_lean_compiler/compiler/builtin_evidence_compilation.rs:1712;src/stmt_result_to_lean_compiler/compiler/fact_proof_replay/absolute_value.rs:373;src/stmt_result_to_lean_compiler/compiler/fact_proof_replay/aggregates.rs:253;src/stmt_result_to_lean_compiler/compiler/fact_proof_replay/definition_projection.rs:149;src/stmt_result_to_lean_compiler/compiler/fact_proof_replay/fact_transformations.rs:366;src/stmt_result_to_lean_compiler/compiler/proof_rendering/exact_predicate_transport.rs:800;src/stmt_result_to_lean_compiler/compiler/proof_rendering/exact_predicate_transport.rs:804;src/stmt_result_to_lean_compiler/compiler/proof_rendering/numeric_comparison.rs:48;src/stmt_result_to_lean_compiler/compiler/proof_rendering/set_builder_membership.rs:96;src/stmt_result_to_lean_compiler/compiler/proof_rendering/set_builder_membership.rs:326;src/stmt_result_to_lean_compiler/compiler/proof_rendering/set_builder_membership.rs:583;src/stmt_result_to_lean_compiler/compiler/structured_proofs.rs:1623;src/stmt_result_to_lean_compiler/compiler/structured_proofs.rs:2009;src/stmt_result_to_lean_compiler/compiler/structured_proofs.rs:2316;src/stmt_result_to_lean_compiler/compiler/structured_proofs.rs:3633
Litex.Positive	7	src/stmt_result_to_lean_compiler/compiler/proof_rendering/inference_validation.rs:345;src/stmt_result_to_lean_compiler/compiler/proof_rendering/numeric_sign_rendering.rs:141;src/stmt_result_to_lean_compiler/compiler/proof_rendering/numeric_sign_rendering.rs:181;src/stmt_result_to_lean_compiler/compiler/proof_rendering/numeric_sign_rendering.rs:205;src/stmt_result_to_lean_compiler/compiler/proof_rendering/representative_transport.rs:150;src/stmt_result_to_lean_compiler/compiler/source_rendering/fact_rendering.rs:323;src/stmt_result_to_lean_compiler/compiler/source_rendering/fact_rendering.rs:383
Litex.Positive.toNonnegative	1	src/stmt_result_to_lean_compiler/compiler/fact_compilation/inference_environment.rs:672
Litex.Prime	2	src/stmt_result_to_lean_compiler/compiler/source_rendering/fact_rendering.rs:15;src/stmt_result_to_lean_compiler/compiler/source_rendering/fact_rendering.rs:75
Litex.Q	3	src/stmt_result_to_lean_compiler/compiler/builtin_evidence_compilation.rs:1204;src/stmt_result_to_lean_compiler/compiler/source_rendering/standard_sets.rs:21;src/stmt_result_to_lean_compiler/compiler/source_rendering/standard_sets.rs:43
Litex.QNeg	2	src/stmt_result_to_lean_compiler/compiler/source_rendering/standard_sets.rs:27;src/stmt_result_to_lean_compiler/compiler/source_rendering/standard_sets.rs:45
Litex.QPos	2	src/stmt_result_to_lean_compiler/compiler/source_rendering/standard_sets.rs:24;src/stmt_result_to_lean_compiler/compiler/source_rendering/standard_sets.rs:44
Litex.QStar	2	src/stmt_result_to_lean_compiler/compiler/source_rendering/standard_sets.rs:30;src/stmt_result_to_lean_compiler/compiler/source_rendering/standard_sets.rs:46
Litex.R	8	src/stmt_result_to_lean_compiler/compiler/proof_rendering/function_reduction.rs:458;src/stmt_result_to_lean_compiler/compiler/proof_rendering/object_values.rs:39;src/stmt_result_to_lean_compiler/compiler/source_rendering/function_applications.rs:586;src/stmt_result_to_lean_compiler/compiler/source_rendering/standard_sets.rs:22;src/stmt_result_to_lean_compiler/compiler/source_rendering/standard_sets.rs:47;src/stmt_result_to_lean_compiler/compiler/theorem_compilation/real_analysis_builtins.rs:286;src/stmt_result_to_lean_compiler/compiler/theorem_compilation/real_analysis_builtins.rs:290;src/stmt_result_to_lean_compiler/compiler/theorem_compilation/real_analysis_builtins.rs:293
Litex.RNeg	2	src/stmt_result_to_lean_compiler/compiler/source_rendering/standard_sets.rs:28;src/stmt_result_to_lean_compiler/compiler/source_rendering/standard_sets.rs:49
Litex.RPos	3	src/stmt_result_to_lean_compiler/compiler/proof_rendering/predicate_arguments.rs:196;src/stmt_result_to_lean_compiler/compiler/source_rendering/standard_sets.rs:25;src/stmt_result_to_lean_compiler/compiler/source_rendering/standard_sets.rs:48
Litex.RPos.Carrier	2	src/stmt_result_to_lean_compiler/compiler/fact_proof_replay/known_forall_instantiation.rs:297;src/stmt_result_to_lean_compiler/compiler/fact_proof_replay/known_forall_instantiation.rs:301
Litex.RStar	2	src/stmt_result_to_lean_compiler/compiler/source_rendering/standard_sets.rs:31;src/stmt_result_to_lean_compiler/compiler/source_rendering/standard_sets.rs:50
Litex.RealGreatestLowerBound	2	src/stmt_result_to_lean_compiler/compiler/source_rendering/fact_rendering.rs:35;src/stmt_result_to_lean_compiler/compiler/source_rendering/fact_rendering.rs:95
Litex.RealLeastUpperBound	2	src/stmt_result_to_lean_compiler/compiler/source_rendering/fact_rendering.rs:28;src/stmt_result_to_lean_compiler/compiler/source_rendering/fact_rendering.rs:88
Litex.Rules.absMul	1	src/stmt_result_to_lean_compiler/compiler/fact_proof_replay/absolute_value.rs:562
Litex.Rules.complexAbsInR	1	src/stmt_result_to_lean_compiler/compiler/fact_proof_replay/real_membership_closure.rs:28
Litex.Rules.complexAddInR	4	src/stmt_result_to_lean_compiler/compiler/fact_proof_replay/definition_projection.rs:149;src/stmt_result_to_lean_compiler/compiler/proof_rendering/exact_predicate_transport.rs:800;src/stmt_result_to_lean_compiler/compiler/proof_rendering/exact_predicate_transport.rs:804;src/stmt_result_to_lean_compiler/compiler/proof_rendering/set_builder_membership.rs:712
Litex.Rules.complexDivInR	4	src/stmt_result_to_lean_compiler/compiler/fact_proof_replay/definition_projection.rs:149;src/stmt_result_to_lean_compiler/compiler/proof_rendering/exact_predicate_transport.rs:800;src/stmt_result_to_lean_compiler/compiler/proof_rendering/exact_predicate_transport.rs:804;src/stmt_result_to_lean_compiler/compiler/proof_rendering/set_builder_membership.rs:712
Litex.Rules.complexEqIntInZ	3	src/stmt_result_to_lean_compiler/compiler/proof_rendering/numeric_membership.rs:53;src/stmt_result_to_lean_compiler/compiler/source_rendering/numeric_set_certificates.rs:384;src/stmt_result_to_lean_compiler/compiler/source_rendering/numeric_set_certificates.rs:407
Litex.Rules.complexEqIntInZNeg	2	src/stmt_result_to_lean_compiler/compiler/proof_rendering/numeric_membership.rs:62;src/stmt_result_to_lean_compiler/compiler/source_rendering/numeric_set_certificates.rs:402
Litex.Rules.complexEqNatInN	2	src/stmt_result_to_lean_compiler/compiler/proof_rendering/numeric_membership.rs:39;src/stmt_result_to_lean_compiler/compiler/source_rendering/numeric_set_certificates.rs:381
Litex.Rules.complexEqNatInNPos	2	src/stmt_result_to_lean_compiler/compiler/proof_rendering/numeric_membership.rs:49;src/stmt_result_to_lean_compiler/compiler/source_rendering/numeric_set_certificates.rs:377
Litex.Rules.complexEqRatInQ	2	src/stmt_result_to_lean_compiler/compiler/proof_rendering/numeric_membership.rs:56;src/stmt_result_to_lean_compiler/compiler/source_rendering/numeric_set_certificates.rs:387
Litex.Rules.complexEqRatInQNeg	2	src/stmt_result_to_lean_compiler/compiler/proof_rendering/numeric_membership.rs:65;src/stmt_result_to_lean_compiler/compiler/source_rendering/numeric_set_certificates.rs:411
Litex.Rules.complexEqRatInQPos	2	src/stmt_result_to_lean_compiler/compiler/proof_rendering/numeric_membership.rs:59;src/stmt_result_to_lean_compiler/compiler/source_rendering/numeric_set_certificates.rs:397
Litex.Rules.complexEqRealInRNeg	2	src/stmt_result_to_lean_compiler/compiler/proof_rendering/numeric_membership.rs:72;src/stmt_result_to_lean_compiler/compiler/source_rendering/numeric_set_certificates.rs:421
Litex.Rules.complexEqRealInRPos	3	src/stmt_result_to_lean_compiler/compiler/proof_rendering/numeric_membership.rs:69;src/stmt_result_to_lean_compiler/compiler/proof_rendering/power_membership_inference.rs:51;src/stmt_result_to_lean_compiler/compiler/source_rendering/numeric_set_certificates.rs:416
Litex.Rules.complexInC	2	src/stmt_result_to_lean_compiler/compiler/proof_rendering/numeric_membership.rs:32;src/stmt_result_to_lean_compiler/compiler/source_rendering/numeric_set_certificates.rs:393
Litex.Rules.complexIntInZ	2	src/stmt_result_to_lean_compiler/compiler/builtin_evidence_compilation.rs:957;src/stmt_result_to_lean_compiler/compiler/source_rendering/structured_induction.rs:55
Litex.Rules.complexIntPowNatInZ	1	src/stmt_result_to_lean_compiler/compiler/builtin_evidence_compilation.rs:849
Litex.Rules.complexLtAddOfSubLt	1	src/stmt_result_to_lean_compiler/compiler/builtin_evidence_compilation.rs:1857
Litex.Rules.complexMulInR	4	src/stmt_result_to_lean_compiler/compiler/fact_proof_replay/definition_projection.rs:149;src/stmt_result_to_lean_compiler/compiler/proof_rendering/exact_predicate_transport.rs:800;src/stmt_result_to_lean_compiler/compiler/proof_rendering/exact_predicate_transport.rs:804;src/stmt_result_to_lean_compiler/compiler/proof_rendering/set_builder_membership.rs:712
Litex.Rules.complexNegativeOneMulNonnegative	1	src/stmt_result_to_lean_compiler/compiler/fact_compilation/inference_environment.rs:699
Litex.Rules.complexNegativeOneMulReversesLess	1	src/stmt_result_to_lean_compiler/compiler/builtin_evidence_compilation.rs:1464
Litex.Rules.complexNegativeOneMulReversesLessEqual	1	src/stmt_result_to_lean_compiler/compiler/builtin_evidence_compilation.rs:1466
Litex.Rules.complexNonempty	1	src/stmt_result_to_lean_compiler/compiler/validation/standard_set_nonempty.rs:40
Litex.Rules.complexRatInQ	1	src/stmt_result_to_lean_compiler/compiler/builtin_evidence_compilation.rs:1209
Litex.Rules.complexRealInR	8	src/stmt_result_to_lean_compiler/compiler/fact_proof_replay/definition_projection.rs:149;src/stmt_result_to_lean_compiler/compiler/proof_rendering/exact_predicate_transport.rs:800;src/stmt_result_to_lean_compiler/compiler/proof_rendering/exact_predicate_transport.rs:804;src/stmt_result_to_lean_compiler/compiler/proof_rendering/numeric_membership.rs:112;src/stmt_result_to_lean_compiler/compiler/proof_rendering/numeric_sign_rendering.rs:303;src/stmt_result_to_lean_compiler/compiler/proof_rendering/set_builder_membership.rs:712;src/stmt_result_to_lean_compiler/compiler/source_rendering/numeric_set_certificates.rs:390;src/stmt_result_to_lean_compiler/compiler/source_rendering/target_sets.rs:58
Litex.Rules.complexSubInR	4	src/stmt_result_to_lean_compiler/compiler/fact_proof_replay/definition_projection.rs:149;src/stmt_result_to_lean_compiler/compiler/proof_rendering/exact_predicate_transport.rs:800;src/stmt_result_to_lean_compiler/compiler/proof_rendering/exact_predicate_transport.rs:804;src/stmt_result_to_lean_compiler/compiler/proof_rendering/set_builder_membership.rs:712
Litex.Rules.complexSubLeOfLeAdd	2	src/stmt_result_to_lean_compiler/compiler/builtin_evidence_compilation.rs:1533;src/stmt_result_to_lean_compiler/compiler/builtin_evidence_compilation.rs:1537
Litex.Rules.complexSubLeSwap	1	src/stmt_result_to_lean_compiler/compiler/builtin_evidence_compilation.rs:1509
Litex.Rules.complexSubLtSwap	1	src/stmt_result_to_lean_compiler/compiler/builtin_evidence_compilation.rs:1892
Litex.Rules.complexSubPreservesLessEqualComponentwise	1	src/stmt_result_to_lean_compiler/compiler/builtin_evidence_compilation.rs:1772
Litex.Rules.complexSubPreservesLessOfLessEqualAndLess	1	src/stmt_result_to_lean_compiler/compiler/builtin_evidence_compilation.rs:1770
Litex.Rules.coproductSubset	1	src/stmt_result_to_lean_compiler/compiler/fact_proof_dispatch.rs:772
Litex.Rules.eInR	1	src/stmt_result_to_lean_compiler/compiler/builtin_evidence_compilation.rs:457
Litex.Rules.emptySubset	1	src/stmt_result_to_lean_compiler/compiler/fact_proof_dispatch.rs:749
Litex.Rules.inBaseOfInSetBuilder	2	src/stmt_result_to_lean_compiler/compiler/fact_compilation/direct_membership_inference.rs:164;src/stmt_result_to_lean_compiler/compiler/fact_compilation/inference_environment.rs:750
Litex.Rules.inCartCons	1	src/stmt_result_to_lean_compiler/compiler/fact_proof_replay/tuple_cartesian_membership.rs:58
Litex.Rules.inCartNil	1	src/stmt_result_to_lean_compiler/compiler/fact_proof_replay/tuple_cartesian_membership.rs:56
Litex.Rules.inROfInRPos	4	src/stmt_result_to_lean_compiler/compiler/fact_proof_replay/definition_projection.rs:149;src/stmt_result_to_lean_compiler/compiler/proof_rendering/exact_predicate_transport.rs:800;src/stmt_result_to_lean_compiler/compiler/proof_rendering/exact_predicate_transport.rs:804;src/stmt_result_to_lean_compiler/compiler/proof_rendering/set_builder_membership.rs:712
Litex.Rules.inRPosOfInRPositive	1	src/stmt_result_to_lean_compiler/compiler/builtin_evidence_compilation.rs:314
Litex.Rules.inSetBuilder	2	src/stmt_result_to_lean_compiler/compiler/proof_rendering/set_builder_membership.rs:102;src/stmt_result_to_lean_compiler/compiler/proof_rendering/set_builder_membership.rs:204
Litex.Rules.inSetBuilder_iff.mp	4	src/stmt_result_to_lean_compiler/compiler/proof_rendering/set_builder_membership.rs:538;src/stmt_result_to_lean_compiler/compiler/proof_rendering/set_builder_membership.rs:583;src/stmt_result_to_lean_compiler/compiler/proof_rendering/set_builder_membership.rs:616;src/stmt_result_to_lean_compiler/compiler/proof_rendering/set_builder_membership.rs:712
Litex.Rules.integerInductionFrom	1	src/stmt_result_to_lean_compiler/compiler/structured_proofs.rs:2009
Litex.Rules.integerNonempty	1	src/stmt_result_to_lean_compiler/compiler/validation/standard_set_nonempty.rs:37
Litex.Rules.integerRangeSumLeOwn	1	src/stmt_result_to_lean_compiler/compiler/fact_proof_replay/range_sum_order.rs:121
Litex.Rules.integerRangeSumSingle	1	src/stmt_result_to_lean_compiler/compiler/fact_proof_replay/aggregates.rs:121
Litex.Rules.integerRangeSumSingleOwn	1	src/stmt_result_to_lean_compiler/compiler/fact_proof_replay/aggregates.rs:111
Litex.Rules.integerRangeSumSplitLast	1	src/stmt_result_to_lean_compiler/compiler/fact_proof_replay/aggregates.rs:267
Litex.Rules.integerRangeSumSplitLastOwn	1	src/stmt_result_to_lean_compiler/compiler/fact_proof_replay/aggregates.rs:257
Litex.Rules.naturalNonempty	1	src/stmt_result_to_lean_compiler/compiler/validation/standard_set_nonempty.rs:36
Litex.Rules.nonnegativeOfInN	1	src/stmt_result_to_lean_compiler/compiler/fact_compilation/numeric_membership_inference.rs:154
Litex.Rules.notSameSymm	1	src/stmt_result_to_lean_compiler/compiler/builtin_evidence_compilation.rs:521
Litex.Rules.piInR	1	src/stmt_result_to_lean_compiler/compiler/builtin_evidence_compilation.rs:462
Litex.Rules.positiveIntegerRationalPowInRPos	1	src/stmt_result_to_lean_compiler/compiler/proof_rendering/power_membership_inference.rs:111
Litex.Rules.rationalBetweenReals	1	src/stmt_result_to_lean_compiler/compiler/theorem_compilation/real_analysis_builtins.rs:402
Litex.Rules.rationalNonempty	1	src/stmt_result_to_lean_compiler/compiler/validation/standard_set_nonempty.rs:38
Litex.Rules.realArchimedeanNaturalUpperBound	1	src/stmt_result_to_lean_compiler/compiler/theorem_compilation/real_analysis_builtins.rs:400
Litex.Rules.realCastAbsLeOfUpperAndLower	1	src/stmt_result_to_lean_compiler/compiler/fact_proof_replay/absolute_value.rs:85
Litex.Rules.realCastAbsLeOfUpperAndNegUpper	1	src/stmt_result_to_lean_compiler/compiler/fact_proof_replay/absolute_value.rs:86
Litex.Rules.realCastAbsLtOfUpperAndLower	1	src/stmt_result_to_lean_compiler/compiler/fact_proof_replay/absolute_value.rs:87
Litex.Rules.realCastAbsLtOfUpperAndNegUpper	1	src/stmt_result_to_lean_compiler/compiler/fact_proof_replay/absolute_value.rs:88
Litex.Rules.realCastDivLtSelfOfPositiveOfOneLt	1	src/stmt_result_to_lean_compiler/compiler/builtin_evidence_compilation.rs:1428
Litex.Rules.realCastLeAddOfNonnegativeRight	1	src/stmt_result_to_lean_compiler/compiler/builtin_evidence_compilation.rs:1961
Litex.Rules.realCastSubLeOfLeOfNonnegative	1	src/stmt_result_to_lean_compiler/compiler/builtin_evidence_compilation.rs:2008
Litex.Rules.realGreatestLowerBoundExists	1	src/stmt_result_to_lean_compiler/compiler/theorem_compilation/real_analysis_builtins.rs:391
Litex.Rules.realGreatestLowerBoundLeMember	1	src/stmt_result_to_lean_compiler/compiler/theorem_compilation/real_analysis_builtins.rs:394
Litex.Rules.realLeastUpperBoundExists	1	src/stmt_result_to_lean_compiler/compiler/theorem_compilation/real_analysis_builtins.rs:382
Litex.Rules.realLeastUpperBoundLeUpperBound	1	src/stmt_result_to_lean_compiler/compiler/theorem_compilation/real_analysis_builtins.rs:388
Litex.Rules.realLowerBoundLeGreatestLowerBound	1	src/stmt_result_to_lean_compiler/compiler/theorem_compilation/real_analysis_builtins.rs:397
Litex.Rules.realMemberLeLeastUpperBound	1	src/stmt_result_to_lean_compiler/compiler/theorem_compilation/real_analysis_builtins.rs:385
Litex.Rules.realNonempty	1	src/stmt_result_to_lean_compiler/compiler/validation/standard_set_nonempty.rs:39
Litex.Rules.setBuilderInPowerSetViaParamSubset	1	src/stmt_result_to_lean_compiler/compiler/fact_proof_dispatch.rs:717
Litex.Rules.setBuilderSubsetBase	1	src/stmt_result_to_lean_compiler/compiler/fact_proof_dispatch.rs:680
Litex.Rules.setBuilderSubsetViaParamSubset	1	src/stmt_result_to_lean_compiler/compiler/theorem_compilation/local_definition_steps.rs:369
Litex.Rules.singletonNonempty	1	src/stmt_result_to_lean_compiler/compiler/fact_proof_dispatch.rs:655
Litex.Rules.singletonSubset	1	src/stmt_result_to_lean_compiler/compiler/fact_proof_dispatch.rs:770
Litex.Same	19	src/stmt_result_to_lean_compiler/compiler/fact_compilation/algebraic_normalization.rs:329;src/stmt_result_to_lean_compiler/compiler/fact_compilation/stored_fact_citations.rs:18;src/stmt_result_to_lean_compiler/compiler/fact_proof_replay/native_equality.rs:82;src/stmt_result_to_lean_compiler/compiler/object_definitions/function_equalities.rs:304;src/stmt_result_to_lean_compiler/compiler/object_definitions/matrices.rs:566;src/stmt_result_to_lean_compiler/compiler/object_definitions/sequences.rs:371;src/stmt_result_to_lean_compiler/compiler/object_definitions/sequences.rs:893;src/stmt_result_to_lean_compiler/compiler/proof_rendering/abstract_predicate_definitions.rs:93;src/stmt_result_to_lean_compiler/compiler/proof_rendering/list_set_elimination.rs:16;src/stmt_result_to_lean_compiler/compiler/source_rendering/fact_rendering.rs:168;src/stmt_result_to_lean_compiler/compiler/source_rendering/fact_rendering.rs:186;src/stmt_result_to_lean_compiler/compiler/source_rendering/fact_rendering.rs:189;src/stmt_result_to_lean_compiler/compiler/source_rendering/fact_rendering.rs:201;src/stmt_result_to_lean_compiler/compiler/theorem_compilation/builtin_theorem_application.rs:85;src/stmt_result_to_lean_compiler/compiler/validation/direct_compilation_audit.rs:130;src/stmt_result_to_lean_compiler/compiler/validation/direct_compilation_audit.rs:134;src/stmt_result_to_lean_compiler/compiler/validation/direct_compilation_audit.rs:138;src/stmt_result_to_lean_compiler/environment.rs:154;src/stmt_result_to_lean_compiler/environment.rs:189
Litex.Same.addCongr	1	src/stmt_result_to_lean_compiler/compiler/fact_proof_replay/structural_congruence.rs:94
Litex.Same.addCongrRightInt	1	src/stmt_result_to_lean_compiler/compiler/fact_proof_replay/structural_congruence.rs:92
Litex.Same.complexRealNoObservation	1	src/stmt_result_to_lean_compiler/compiler/proof_rendering/function_reduction.rs:305
Litex.Same.intAddComplex	1	src/stmt_result_to_lean_compiler/compiler/proof_rendering/function_reduction.rs:402
Litex.Same.intAddCongr	1	src/stmt_result_to_lean_compiler/compiler/fact_proof_replay/structural_congruence.rs:88
Litex.Same.intCastAddComplex	1	src/stmt_result_to_lean_compiler/compiler/fact_proof_replay/structural_congruence.rs:90
Litex.Same.intComplex	7	src/stmt_result_to_lean_compiler/compiler/fact_proof_replay/structural_congruence.rs:45;src/stmt_result_to_lean_compiler/compiler/source_rendering/numeric_set_certificates.rs:318;src/stmt_result_to_lean_compiler/compiler/source_rendering/numeric_set_certificates.rs:337;src/stmt_result_to_lean_compiler/compiler/source_rendering/numeric_set_certificates.rs:342;src/stmt_result_to_lean_compiler/compiler/source_rendering/structured_induction.rs:51;src/stmt_result_to_lean_compiler/compiler/structured_proofs.rs:2198;src/stmt_result_to_lean_compiler/compiler/structured_proofs.rs:3506
Litex.Same.intComplexNoObservation	3	src/stmt_result_to_lean_compiler/compiler/source_rendering/numeric_set_certificates.rs:260;src/stmt_result_to_lean_compiler/compiler/source_rendering/numeric_set_certificates.rs:279;src/stmt_result_to_lean_compiler/compiler/source_rendering/numeric_set_certificates.rs:284
Litex.Same.intComplexOfEq	2	src/stmt_result_to_lean_compiler/compiler/proof_rendering/function_reduction.rs:345;src/stmt_result_to_lean_compiler/compiler/proof_rendering/function_reduction.rs:376
Litex.Same.intMulComplex	1	src/stmt_result_to_lean_compiler/compiler/proof_rendering/function_reduction.rs:404
Litex.Same.intSubComplex	1	src/stmt_result_to_lean_compiler/compiler/proof_rendering/function_reduction.rs:403
Litex.Same.natComplex	2	src/stmt_result_to_lean_compiler/compiler/source_rendering/numeric_set_certificates.rs:311;src/stmt_result_to_lean_compiler/compiler/source_rendering/numeric_set_certificates.rs:315
Litex.Same.natComplexNoObservation	2	src/stmt_result_to_lean_compiler/compiler/source_rendering/numeric_set_certificates.rs:253;src/stmt_result_to_lean_compiler/compiler/source_rendering/numeric_set_certificates.rs:257
Litex.Same.ofEq	16	src/stmt_result_to_lean_compiler/compiler/fact_compilation/algebraic_normalization.rs:66;src/stmt_result_to_lean_compiler/compiler/fact_compilation/algebraic_normalization.rs:224;src/stmt_result_to_lean_compiler/compiler/fact_compilation/tuple_equality_inference.rs:73;src/stmt_result_to_lean_compiler/compiler/fact_proof_dispatch.rs:508;src/stmt_result_to_lean_compiler/compiler/fact_proof_replay/absolute_value.rs:411;src/stmt_result_to_lean_compiler/compiler/fact_proof_replay/absolute_value.rs:424;src/stmt_result_to_lean_compiler/compiler/fact_proof_replay/extrema.rs:64;src/stmt_result_to_lean_compiler/compiler/fact_proof_replay/polynomial_normalization.rs:63;src/stmt_result_to_lean_compiler/compiler/fact_proof_replay/proof_composition.rs:520;src/stmt_result_to_lean_compiler/compiler/object_definitions/evaluation.rs:73;src/stmt_result_to_lean_compiler/compiler/object_definitions/tuples.rs:227;src/stmt_result_to_lean_compiler/compiler/object_definitions/tuples.rs:329;src/stmt_result_to_lean_compiler/compiler/proof_rendering/exact_predicate_transport.rs:135;src/stmt_result_to_lean_compiler/compiler/proof_rendering/predicate_arguments.rs:415;src/stmt_result_to_lean_compiler/compiler/proof_rendering/predicate_arguments.rs:531;src/stmt_result_to_lean_compiler/compiler/theorem_compilation/cartesian_inference.rs:85
Litex.Same.ofEqNoObservation	3	src/stmt_result_to_lean_compiler/compiler/fact_compilation/algebraic_normalization.rs:285;src/stmt_result_to_lean_compiler/compiler/structured_proofs.rs:3118;src/stmt_result_to_lean_compiler/compiler/structured_proofs.rs:3629
Litex.Same.ratComplex	2	src/stmt_result_to_lean_compiler/compiler/source_rendering/numeric_set_certificates.rs:321;src/stmt_result_to_lean_compiler/compiler/source_rendering/numeric_set_certificates.rs:332
Litex.Same.ratComplexNoObservation	2	src/stmt_result_to_lean_compiler/compiler/source_rendering/numeric_set_certificates.rs:263;src/stmt_result_to_lean_compiler/compiler/source_rendering/numeric_set_certificates.rs:274
Litex.Same.realAddComplex	2	src/stmt_result_to_lean_compiler/compiler/proof_rendering/exact_predicate_transport.rs:12;src/stmt_result_to_lean_compiler/compiler/proof_rendering/function_reduction.rs:582
Litex.Same.realAddComplexNoObservation	1	src/stmt_result_to_lean_compiler/compiler/proof_rendering/function_reduction.rs:587
Litex.Same.realComplex	15	src/stmt_result_to_lean_compiler/compiler/fact_proof_replay/absolute_value.rs:411;src/stmt_result_to_lean_compiler/compiler/fact_proof_replay/extrema.rs:64;src/stmt_result_to_lean_compiler/compiler/proof_rendering/exact_predicate_transport.rs:34;src/stmt_result_to_lean_compiler/compiler/proof_rendering/exact_predicate_transport.rs:63;src/stmt_result_to_lean_compiler/compiler/proof_rendering/exact_predicate_transport.rs:67;src/stmt_result_to_lean_compiler/compiler/proof_rendering/forall_parameters.rs:473;src/stmt_result_to_lean_compiler/compiler/proof_rendering/function_reduction.rs:458;src/stmt_result_to_lean_compiler/compiler/proof_rendering/function_reduction.rs:461;src/stmt_result_to_lean_compiler/compiler/proof_rendering/function_reduction.rs:486;src/stmt_result_to_lean_compiler/compiler/proof_rendering/function_reduction.rs:511;src/stmt_result_to_lean_compiler/compiler/proof_rendering/function_reduction.rs:528;src/stmt_result_to_lean_compiler/compiler/proof_rendering/function_reduction.rs:549;src/stmt_result_to_lean_compiler/compiler/source_rendering/numeric_set_certificates.rs:324;src/stmt_result_to_lean_compiler/compiler/source_rendering/numeric_set_certificates.rs:347;src/stmt_result_to_lean_compiler/compiler/source_rendering/target_sets.rs:43
Litex.Same.realComplexNoObservation	3	src/stmt_result_to_lean_compiler/compiler/fact_proof_replay/absolute_value.rs:485;src/stmt_result_to_lean_compiler/compiler/source_rendering/numeric_set_certificates.rs:266;src/stmt_result_to_lean_compiler/compiler/source_rendering/numeric_set_certificates.rs:289
Litex.Same.realDivComplex	2	src/stmt_result_to_lean_compiler/compiler/proof_rendering/exact_predicate_transport.rs:27;src/stmt_result_to_lean_compiler/compiler/proof_rendering/function_reduction.rs:585
Litex.Same.realDivComplexNoObservation	1	src/stmt_result_to_lean_compiler/compiler/proof_rendering/function_reduction.rs:596
Litex.Same.realMulComplex	2	src/stmt_result_to_lean_compiler/compiler/proof_rendering/exact_predicate_transport.rs:22;src/stmt_result_to_lean_compiler/compiler/proof_rendering/function_reduction.rs:584
Litex.Same.realMulComplexNoObservation	1	src/stmt_result_to_lean_compiler/compiler/proof_rendering/function_reduction.rs:593
Litex.Same.realSubComplex	2	src/stmt_result_to_lean_compiler/compiler/proof_rendering/exact_predicate_transport.rs:17;src/stmt_result_to_lean_compiler/compiler/proof_rendering/function_reduction.rs:583
Litex.Same.realSubComplexNoObservation	1	src/stmt_result_to_lean_compiler/compiler/proof_rendering/function_reduction.rs:590
Litex.Same.refl	33	src/stmt_result_to_lean_compiler/compiler/fact_compilation/algebraic_normalization.rs:198;src/stmt_result_to_lean_compiler/compiler/fact_compilation/object_reflexivity.rs:50;src/stmt_result_to_lean_compiler/compiler/fact_compilation/stored_fact_citations.rs:163;src/stmt_result_to_lean_compiler/compiler/fact_proof_dispatch.rs:461;src/stmt_result_to_lean_compiler/compiler/fact_proof_replay/fact_citations.rs:97;src/stmt_result_to_lean_compiler/compiler/fact_proof_replay/function_definition_reduction.rs:97;src/stmt_result_to_lean_compiler/compiler/fact_proof_replay/polynomial_normalization.rs:36;src/stmt_result_to_lean_compiler/compiler/fact_proof_replay/proof_composition.rs:499;src/stmt_result_to_lean_compiler/compiler/fact_proof_replay/structural_congruence.rs:50;src/stmt_result_to_lean_compiler/compiler/fact_proof_replay/structural_congruence.rs:273;src/stmt_result_to_lean_compiler/compiler/object_definitions/function_equalities.rs:308;src/stmt_result_to_lean_compiler/compiler/object_definitions/local_objects.rs:54;src/stmt_result_to_lean_compiler/compiler/object_definitions/matrices.rs:566;src/stmt_result_to_lean_compiler/compiler/object_definitions/object_equalities.rs:129;src/stmt_result_to_lean_compiler/compiler/object_definitions/object_equalities.rs:207;src/stmt_result_to_lean_compiler/compiler/object_definitions/sequences.rs:371;src/stmt_result_to_lean_compiler/compiler/object_definitions/sequences.rs:893;src/stmt_result_to_lean_compiler/compiler/proof_rendering/exact_predicate_transport.rs:106;src/stmt_result_to_lean_compiler/compiler/proof_rendering/exact_predicate_transport.rs:204;src/stmt_result_to_lean_compiler/compiler/proof_rendering/exact_predicate_transport.rs:687;src/stmt_result_to_lean_compiler/compiler/proof_rendering/exact_predicate_transport.rs:714;src/stmt_result_to_lean_compiler/compiler/proof_rendering/function_reduction.rs:361;src/stmt_result_to_lean_compiler/compiler/proof_rendering/function_reduction.rs:474;src/stmt_result_to_lean_compiler/compiler/proof_rendering/predicate_arguments.rs:361;src/stmt_result_to_lean_compiler/compiler/proof_rendering/representative_transport.rs:21;src/stmt_result_to_lean_compiler/compiler/proof_rendering/set_builder_membership.rs:297;src/stmt_result_to_lean_compiler/compiler/proof_rendering/set_builder_membership.rs:525;src/stmt_result_to_lean_compiler/compiler/source_rendering/numeric_set_certificates.rs:327;src/stmt_result_to_lean_compiler/compiler/source_rendering/target_sets.rs:277;src/stmt_result_to_lean_compiler/compiler/structured_proofs.rs:1626;src/stmt_result_to_lean_compiler/compiler/theorem_compilation/local_definition_steps.rs:182;src/stmt_result_to_lean_compiler/compiler/theorem_compilation/local_definition_steps.rs:464;src/stmt_result_to_lean_compiler/compiler/validation/template_instantiation.rs:218
Litex.Same.reflNoObservation	8	src/stmt_result_to_lean_compiler/compiler/builtin_evidence_compilation.rs:379;src/stmt_result_to_lean_compiler/compiler/fact_compilation/object_reflexivity.rs:48;src/stmt_result_to_lean_compiler/compiler/fact_proof_dispatch.rs:459;src/stmt_result_to_lean_compiler/compiler/fact_proof_replay/function_definition_reduction.rs:98;src/stmt_result_to_lean_compiler/compiler/proof_rendering/function_reduction.rs:321;src/stmt_result_to_lean_compiler/compiler/proof_rendering/function_reduction.rs:471;src/stmt_result_to_lean_compiler/compiler/proof_rendering/representative_transport.rs:59;src/stmt_result_to_lean_compiler/compiler/source_rendering/numeric_set_certificates.rs:269
Litex.Same.setExt	1	src/stmt_result_to_lean_compiler/compiler/structured_proofs.rs:1781
Litex.Same.singletonNoObservation	1	src/stmt_result_to_lean_compiler/compiler/proof_rendering/list_set_elimination.rs:139
Litex.Same.subtype	11	src/stmt_result_to_lean_compiler/compiler/source_rendering/numeric_set_certificates.rs:311;src/stmt_result_to_lean_compiler/compiler/source_rendering/numeric_set_certificates.rs:332;src/stmt_result_to_lean_compiler/compiler/source_rendering/numeric_set_certificates.rs:337;src/stmt_result_to_lean_compiler/compiler/source_rendering/numeric_set_certificates.rs:342;src/stmt_result_to_lean_compiler/compiler/source_rendering/numeric_set_certificates.rs:347;src/stmt_result_to_lean_compiler/compiler/source_rendering/numeric_set_certificates.rs:354;src/stmt_result_to_lean_compiler/compiler/source_rendering/target_sets.rs:280;src/stmt_result_to_lean_compiler/compiler/source_rendering/target_sets.rs:290;src/stmt_result_to_lean_compiler/compiler/source_rendering/target_sets.rs:300;src/stmt_result_to_lean_compiler/compiler/structured_proofs.rs:3497;src/stmt_result_to_lean_compiler/compiler/theorem_compilation/local_definition_steps.rs:177
Litex.Same.subtypeNoObservation	7	src/stmt_result_to_lean_compiler/compiler/proof_rendering/set_builder_membership.rs:45;src/stmt_result_to_lean_compiler/compiler/source_rendering/numeric_set_certificates.rs:253;src/stmt_result_to_lean_compiler/compiler/source_rendering/numeric_set_certificates.rs:274;src/stmt_result_to_lean_compiler/compiler/source_rendering/numeric_set_certificates.rs:279;src/stmt_result_to_lean_compiler/compiler/source_rendering/numeric_set_certificates.rs:284;src/stmt_result_to_lean_compiler/compiler/source_rendering/numeric_set_certificates.rs:289;src/stmt_result_to_lean_compiler/compiler/source_rendering/numeric_set_certificates.rs:297
Litex.Same.sumLeftNoObservation	1	src/stmt_result_to_lean_compiler/compiler/proof_rendering/list_set_elimination.rs:141
Litex.Same.sumRightNoObservation	1	src/stmt_result_to_lean_compiler/compiler/proof_rendering/list_set_elimination.rs:146
Litex.Same.symm	50	src/stmt_result_to_lean_compiler/compiler/builtin_evidence_compilation.rs:493;src/stmt_result_to_lean_compiler/compiler/fact_compilation/algebraic_normalization.rs:224;src/stmt_result_to_lean_compiler/compiler/fact_proof_replay/absolute_value.rs:411;src/stmt_result_to_lean_compiler/compiler/fact_proof_replay/absolute_value.rs:424;src/stmt_result_to_lean_compiler/compiler/fact_proof_replay/absolute_value.rs:427;src/stmt_result_to_lean_compiler/compiler/fact_proof_replay/absolute_value.rs:434;src/stmt_result_to_lean_compiler/compiler/fact_proof_replay/absolute_value.rs:567;src/stmt_result_to_lean_compiler/compiler/fact_proof_replay/aggregates.rs:98;src/stmt_result_to_lean_compiler/compiler/fact_proof_replay/aggregates.rs:140;src/stmt_result_to_lean_compiler/compiler/fact_proof_replay/aggregates.rs:280;src/stmt_result_to_lean_compiler/compiler/fact_proof_replay/definition_projection.rs:213;src/stmt_result_to_lean_compiler/compiler/fact_proof_replay/extrema.rs:64;src/stmt_result_to_lean_compiler/compiler/fact_proof_replay/extrema.rs:74;src/stmt_result_to_lean_compiler/compiler/fact_proof_replay/extrema.rs:244;src/stmt_result_to_lean_compiler/compiler/fact_proof_replay/extrema.rs:457;src/stmt_result_to_lean_compiler/compiler/fact_proof_replay/fact_transformations.rs:265;src/stmt_result_to_lean_compiler/compiler/fact_proof_replay/fact_transformations.rs:269;src/stmt_result_to_lean_compiler/compiler/fact_proof_replay/function_definition_reduction.rs:119;src/stmt_result_to_lean_compiler/compiler/fact_proof_replay/known_equality_paths.rs:49;src/stmt_result_to_lean_compiler/compiler/fact_proof_replay/known_forall_instantiation.rs:366;src/stmt_result_to_lean_compiler/compiler/fact_proof_replay/known_forall_instantiation.rs:376;src/stmt_result_to_lean_compiler/compiler/fact_proof_replay/known_forall_instantiation.rs:421;src/stmt_result_to_lean_compiler/compiler/fact_proof_replay/polynomial_normalization.rs:63;src/stmt_result_to_lean_compiler/compiler/object_definitions/definition_proofs.rs:763;src/stmt_result_to_lean_compiler/compiler/proof_rendering/exact_predicate_transport.rs:67;src/stmt_result_to_lean_compiler/compiler/proof_rendering/exact_predicate_transport.rs:89;src/stmt_result_to_lean_compiler/compiler/proof_rendering/exact_predicate_transport.rs:502;src/stmt_result_to_lean_compiler/compiler/proof_rendering/exact_predicate_transport.rs:746;src/stmt_result_to_lean_compiler/compiler/proof_rendering/forall_parameters.rs:631;src/stmt_result_to_lean_compiler/compiler/proof_rendering/function_reduction.rs:364;src/stmt_result_to_lean_compiler/compiler/proof_rendering/function_reduction.rs:499;src/stmt_result_to_lean_compiler/compiler/proof_rendering/predicate_arguments.rs:386;src/stmt_result_to_lean_compiler/compiler/proof_rendering/predicate_arguments.rs:403;src/stmt_result_to_lean_compiler/compiler/proof_rendering/predicate_arguments.rs:419;src/stmt_result_to_lean_compiler/compiler/proof_rendering/predicate_arguments.rs:434;src/stmt_result_to_lean_compiler/compiler/proof_rendering/predicate_arguments.rs:453;src/stmt_result_to_lean_compiler/compiler/proof_rendering/predicate_arguments.rs:474;src/stmt_result_to_lean_compiler/compiler/proof_rendering/predicate_arguments.rs:509;src/stmt_result_to_lean_compiler/compiler/proof_rendering/representative_transport.rs:23;src/stmt_result_to_lean_compiler/compiler/proof_rendering/set_algebra_rules.rs:339;src/stmt_result_to_lean_compiler/compiler/proof_rendering/set_algebra_rules.rs:354;src/stmt_result_to_lean_compiler/compiler/proof_rendering/set_algebra_rules.rs:585;src/stmt_result_to_lean_compiler/compiler/proof_rendering/set_algebra_rules.rs:617;src/stmt_result_to_lean_compiler/compiler/proof_rendering/set_builder_membership.rs:102;src/stmt_result_to_lean_compiler/compiler/proof_rendering/set_builder_membership.rs:303;src/stmt_result_to_lean_compiler/compiler/proof_rendering/set_builder_membership.rs:709;src/stmt_result_to_lean_compiler/compiler/proof_rendering/structural_set_equality.rs:12;src/stmt_result_to_lean_compiler/compiler/structured_proofs.rs:459;src/stmt_result_to_lean_compiler/compiler/structured_proofs.rs:770;src/stmt_result_to_lean_compiler/compiler/theorem_compilation/local_definition_steps.rs:180
Litex.Same.symmNoObservation	11	src/stmt_result_to_lean_compiler/compiler/fact_proof_replay/aggregates.rs:138;src/stmt_result_to_lean_compiler/compiler/fact_proof_replay/aggregates.rs:278;src/stmt_result_to_lean_compiler/compiler/fact_proof_replay/function_definition_reduction.rs:115;src/stmt_result_to_lean_compiler/compiler/proof_rendering/function_reduction.rs:305;src/stmt_result_to_lean_compiler/compiler/proof_rendering/function_reduction.rs:321;src/stmt_result_to_lean_compiler/compiler/proof_rendering/list_set_elimination.rs:97;src/stmt_result_to_lean_compiler/compiler/proof_rendering/representative_transport.rs:62;src/stmt_result_to_lean_compiler/compiler/proof_rendering/set_builder_membership.rs:45;src/stmt_result_to_lean_compiler/compiler/proof_rendering/set_builder_membership.rs:258;src/stmt_result_to_lean_compiler/compiler/proof_rendering/set_builder_membership.rs:533;src/stmt_result_to_lean_compiler/compiler/proof_rendering/set_builder_membership.rs:612
Litex.Same.symmWithoutObservation	1	src/stmt_result_to_lean_compiler/compiler/proof_rendering/function_reduction.rs:495
Litex.Same.trans	42	src/stmt_result_to_lean_compiler/compiler/fact_compilation/algebraic_normalization.rs:224;src/stmt_result_to_lean_compiler/compiler/fact_compilation/inference_environment.rs:389;src/stmt_result_to_lean_compiler/compiler/fact_proof_replay/absolute_value.rs:411;src/stmt_result_to_lean_compiler/compiler/fact_proof_replay/absolute_value.rs:424;src/stmt_result_to_lean_compiler/compiler/fact_proof_replay/absolute_value.rs:429;src/stmt_result_to_lean_compiler/compiler/fact_proof_replay/aggregates.rs:133;src/stmt_result_to_lean_compiler/compiler/fact_proof_replay/definition_projection.rs:211;src/stmt_result_to_lean_compiler/compiler/fact_proof_replay/definition_projection.rs:213;src/stmt_result_to_lean_compiler/compiler/fact_proof_replay/extrema.rs:64;src/stmt_result_to_lean_compiler/compiler/fact_proof_replay/extrema.rs:76;src/stmt_result_to_lean_compiler/compiler/fact_proof_replay/fact_transformations.rs:269;src/stmt_result_to_lean_compiler/compiler/fact_proof_replay/fact_transformations.rs:273;src/stmt_result_to_lean_compiler/compiler/fact_proof_replay/function_definition_reduction.rs:109;src/stmt_result_to_lean_compiler/compiler/fact_proof_replay/function_definition_reduction.rs:119;src/stmt_result_to_lean_compiler/compiler/fact_proof_replay/known_equality_paths.rs:55;src/stmt_result_to_lean_compiler/compiler/fact_proof_replay/known_forall_instantiation.rs:366;src/stmt_result_to_lean_compiler/compiler/fact_proof_replay/known_forall_instantiation.rs:490;src/stmt_result_to_lean_compiler/compiler/fact_proof_replay/polynomial_normalization.rs:63;src/stmt_result_to_lean_compiler/compiler/proof_rendering/exact_predicate_transport.rs:502;src/stmt_result_to_lean_compiler/compiler/proof_rendering/exact_predicate_transport.rs:746;src/stmt_result_to_lean_compiler/compiler/proof_rendering/predicate_arguments.rs:509;src/stmt_result_to_lean_compiler/compiler/proof_rendering/predicate_arguments.rs:531;src/stmt_result_to_lean_compiler/compiler/proof_rendering/representative_transport.rs:23;src/stmt_result_to_lean_compiler/compiler/proof_rendering/representative_transport.rs:26;src/stmt_result_to_lean_compiler/compiler/proof_rendering/set_algebra_rules.rs:419;src/stmt_result_to_lean_compiler/compiler/proof_rendering/set_algebra_rules.rs:424;src/stmt_result_to_lean_compiler/compiler/proof_rendering/set_algebra_rules.rs:469;src/stmt_result_to_lean_compiler/compiler/proof_rendering/set_algebra_rules.rs:652;src/stmt_result_to_lean_compiler/compiler/proof_rendering/set_builder_membership.rs:299;src/stmt_result_to_lean_compiler/compiler/proof_rendering/set_builder_membership.rs:303;src/stmt_result_to_lean_compiler/compiler/source_rendering/numeric_set_certificates.rs:311;src/stmt_result_to_lean_compiler/compiler/source_rendering/numeric_set_certificates.rs:332;src/stmt_result_to_lean_compiler/compiler/source_rendering/numeric_set_certificates.rs:337;src/stmt_result_to_lean_compiler/compiler/source_rendering/numeric_set_certificates.rs:342;src/stmt_result_to_lean_compiler/compiler/source_rendering/numeric_set_certificates.rs:347;src/stmt_result_to_lean_compiler/compiler/source_rendering/numeric_set_certificates.rs:354;src/stmt_result_to_lean_compiler/compiler/source_rendering/target_sets.rs:43;src/stmt_result_to_lean_compiler/compiler/source_rendering/target_sets.rs:280;src/stmt_result_to_lean_compiler/compiler/source_rendering/target_sets.rs:290;src/stmt_result_to_lean_compiler/compiler/structured_proofs.rs:3497;src/stmt_result_to_lean_compiler/compiler/structured_proofs.rs:3506;src/stmt_result_to_lean_compiler/compiler/theorem_compilation/local_definition_steps.rs:177
Litex.Same.transNoObservation	22	src/stmt_result_to_lean_compiler/compiler/builtin_evidence_compilation.rs:248;src/stmt_result_to_lean_compiler/compiler/fact_compilation/inference_environment.rs:387;src/stmt_result_to_lean_compiler/compiler/fact_proof_replay/absolute_value.rs:485;src/stmt_result_to_lean_compiler/compiler/fact_proof_replay/aggregates.rs:131;src/stmt_result_to_lean_compiler/compiler/fact_proof_replay/function_definition_reduction.rs:105;src/stmt_result_to_lean_compiler/compiler/fact_proof_replay/function_definition_reduction.rs:115;src/stmt_result_to_lean_compiler/compiler/proof_rendering/function_reduction.rs:305;src/stmt_result_to_lean_compiler/compiler/proof_rendering/function_reduction.rs:321;src/stmt_result_to_lean_compiler/compiler/proof_rendering/list_set_elimination.rs:97;src/stmt_result_to_lean_compiler/compiler/proof_rendering/list_set_elimination.rs:141;src/stmt_result_to_lean_compiler/compiler/proof_rendering/list_set_elimination.rs:146;src/stmt_result_to_lean_compiler/compiler/proof_rendering/representative_transport.rs:62;src/stmt_result_to_lean_compiler/compiler/proof_rendering/representative_transport.rs:65;src/stmt_result_to_lean_compiler/compiler/proof_rendering/set_builder_membership.rs:45;src/stmt_result_to_lean_compiler/compiler/source_rendering/numeric_set_certificates.rs:242;src/stmt_result_to_lean_compiler/compiler/source_rendering/numeric_set_certificates.rs:253;src/stmt_result_to_lean_compiler/compiler/source_rendering/numeric_set_certificates.rs:274;src/stmt_result_to_lean_compiler/compiler/source_rendering/numeric_set_certificates.rs:279;src/stmt_result_to_lean_compiler/compiler/source_rendering/numeric_set_certificates.rs:284;src/stmt_result_to_lean_compiler/compiler/source_rendering/numeric_set_certificates.rs:289;src/stmt_result_to_lean_compiler/compiler/source_rendering/numeric_set_certificates.rs:297;src/stmt_result_to_lean_compiler/compiler/structured_proofs.rs:3118
Litex.Same.withoutObservation	19	src/stmt_result_to_lean_compiler/compiler/builtin_evidence_compilation.rs:248;src/stmt_result_to_lean_compiler/compiler/fact_compilation/inference_environment.rs:382;src/stmt_result_to_lean_compiler/compiler/fact_proof_replay/absolute_value.rs:485;src/stmt_result_to_lean_compiler/compiler/fact_proof_replay/aggregates.rs:114;src/stmt_result_to_lean_compiler/compiler/fact_proof_replay/aggregates.rs:124;src/stmt_result_to_lean_compiler/compiler/fact_proof_replay/aggregates.rs:260;src/stmt_result_to_lean_compiler/compiler/fact_proof_replay/aggregates.rs:270;src/stmt_result_to_lean_compiler/compiler/fact_proof_replay/function_definition_reduction.rs:100;src/stmt_result_to_lean_compiler/compiler/fact_proof_replay/proof_composition.rs:58;src/stmt_result_to_lean_compiler/compiler/proof_rendering/function_reduction.rs:267;src/stmt_result_to_lean_compiler/compiler/proof_rendering/function_reduction.rs:305;src/stmt_result_to_lean_compiler/compiler/proof_rendering/function_reduction.rs:464;src/stmt_result_to_lean_compiler/compiler/proof_rendering/function_reduction.rs:488;src/stmt_result_to_lean_compiler/compiler/proof_rendering/function_reduction.rs:514;src/stmt_result_to_lean_compiler/compiler/proof_rendering/function_reduction.rs:530;src/stmt_result_to_lean_compiler/compiler/proof_rendering/function_reduction.rs:551;src/stmt_result_to_lean_compiler/compiler/proof_rendering/set_builder_membership.rs:45;src/stmt_result_to_lean_compiler/compiler/proof_rendering/set_builder_membership.rs:258;src/stmt_result_to_lean_compiler/compiler/proof_rendering/set_builder_membership.rs:534
Litex.SequenceLiteral.mk	1	src/stmt_result_to_lean_compiler/compiler/source_rendering/object_rendering.rs:260
Litex.Set	15	src/stmt_result_to_lean_compiler/compiler/object_definitions/definition_proofs.rs:458;src/stmt_result_to_lean_compiler/compiler/object_definitions/object_equalities.rs:101;src/stmt_result_to_lean_compiler/compiler/object_definitions/proposition_definitions.rs:95;src/stmt_result_to_lean_compiler/compiler/object_definitions/proposition_definitions.rs:101;src/stmt_result_to_lean_compiler/compiler/proof_rendering/forall_parameters.rs:193;src/stmt_result_to_lean_compiler/compiler/proof_rendering/forall_parameters.rs:200;src/stmt_result_to_lean_compiler/compiler/result_dispatch.rs:291;src/stmt_result_to_lean_compiler/compiler/source_rendering/fact_rendering.rs:239;src/stmt_result_to_lean_compiler/compiler/source_rendering/function_types.rs:193;src/stmt_result_to_lean_compiler/compiler/source_rendering/function_types.rs:229;src/stmt_result_to_lean_compiler/compiler/theorem_compilation/builtin_theorem_application.rs:79;src/stmt_result_to_lean_compiler/compiler/theorem_compilation/local_definition_steps.rs:157;src/stmt_result_to_lean_compiler/compiler/theorem_compilation/named_forall.rs:276;src/stmt_result_to_lean_compiler/compiler/theorem_compilation/templates.rs:87;src/stmt_result_to_lean_compiler/environment.rs:589
Litex.Set.Carrier	1	src/stmt_result_to_lean_compiler/compiler/source_rendering/fact_rendering.rs:406
Litex.Set.Finite	5	src/stmt_result_to_lean_compiler/compiler/builtin_evidence_compilation.rs:623;src/stmt_result_to_lean_compiler/compiler/builtin_evidence_compilation.rs:626;src/stmt_result_to_lean_compiler/compiler/proof_rendering/forall_parameters.rs:203;src/stmt_result_to_lean_compiler/compiler/proof_rendering/forall_parameters.rs:211;src/stmt_result_to_lean_compiler/compiler/source_rendering/fact_rendering.rs:235
Litex.Set.Nonempty	4	src/stmt_result_to_lean_compiler/compiler/proof_rendering/forall_parameters.rs:202;src/stmt_result_to_lean_compiler/compiler/proof_rendering/forall_parameters.rs:209;src/stmt_result_to_lean_compiler/compiler/source_rendering/fact_rendering.rs:231;src/stmt_result_to_lean_compiler/compiler/validation/standard_set_nonempty.rs:49
Litex.Set.coproduct	3	src/stmt_result_to_lean_compiler/compiler/fact_proof_dispatch.rs:774;src/stmt_result_to_lean_compiler/compiler/source_rendering/list_sets.rs:12;src/stmt_result_to_lean_compiler/compiler/source_rendering/list_sets.rs:82
Litex.Set.coproductEveryCarrierValueHasComplexRepresentative	1	src/stmt_result_to_lean_compiler/compiler/source_rendering/list_sets.rs:37
Litex.Set.coproduct_finite	1	src/stmt_result_to_lean_compiler/compiler/source_rendering/list_sets.rs:80
Litex.Set.empty	3	src/stmt_result_to_lean_compiler/compiler/fact_proof_dispatch.rs:748;src/stmt_result_to_lean_compiler/compiler/source_rendering/list_sets.rs:9;src/stmt_result_to_lean_compiler/compiler/source_rendering/list_sets.rs:75
Litex.Set.emptyEveryCarrierValueHasComplexRepresentative	1	src/stmt_result_to_lean_compiler/compiler/source_rendering/list_sets.rs:32
Litex.Set.empty_finite	1	src/stmt_result_to_lean_compiler/compiler/source_rendering/list_sets.rs:76
Litex.Set.singleton	4	src/stmt_result_to_lean_compiler/compiler/fact_proof_dispatch.rs:768;src/stmt_result_to_lean_compiler/compiler/source_rendering/list_sets.rs:12;src/stmt_result_to_lean_compiler/compiler/source_rendering/list_sets.rs:80;src/stmt_result_to_lean_compiler/compiler/source_rendering/list_sets.rs:82
Litex.Set.singletonEveryCarrierValueHasComplexRepresentative	1	src/stmt_result_to_lean_compiler/compiler/source_rendering/list_sets.rs:37
Litex.Set.singleton_finite	1	src/stmt_result_to_lean_compiler/compiler/source_rendering/list_sets.rs:80
Litex.Set.subsetFromComplexMembershipImplication	1	src/stmt_result_to_lean_compiler/compiler/structured_proofs.rs:1781
Litex.SetRules.emptySubset	1	src/stmt_result_to_lean_compiler/compiler/proof_rendering/set_algebra_rules.rs:62
Litex.SetRules.inIntersect	1	src/stmt_result_to_lean_compiler/compiler/proof_rendering/standard_set_projection.rs:136
Litex.SetRules.inPowerSetOfSubset	1	src/stmt_result_to_lean_compiler/compiler/proof_rendering/set_algebra_rules.rs:229
Litex.SetRules.inSetMinus	1	src/stmt_result_to_lean_compiler/compiler/proof_rendering/standard_set_projection.rs:179
Litex.SetRules.intersectAssociative	1	src/stmt_result_to_lean_compiler/compiler/proof_rendering/structural_set_equality.rs:147
Litex.SetRules.intersectCommutative	3	src/stmt_result_to_lean_compiler/compiler/proof_rendering/set_algebra_rules.rs:469;src/stmt_result_to_lean_compiler/compiler/proof_rendering/set_algebra_rules.rs:652;src/stmt_result_to_lean_compiler/compiler/proof_rendering/structural_set_equality.rs:129
Litex.SetRules.intersectIdempotent	1	src/stmt_result_to_lean_compiler/compiler/proof_rendering/set_algebra_rules.rs:369
Litex.SetRules.intersectSetMinusOfSubsetEmpty	1	src/stmt_result_to_lean_compiler/compiler/proof_rendering/set_algebra_rules.rs:646
Litex.SetRules.intersectSetMinusSelfEmpty	1	src/stmt_result_to_lean_compiler/compiler/proof_rendering/set_algebra_rules.rs:465
Litex.SetRules.powerSetFinite	1	src/stmt_result_to_lean_compiler/compiler/proof_rendering/set_algebra_rules.rs:258
Litex.SetRules.powerSetNonempty	1	src/stmt_result_to_lean_compiler/compiler/proof_rendering/set_algebra_rules.rs:241
Litex.SetRules.setMinusEmptyLeft	1	src/stmt_result_to_lean_compiler/compiler/proof_rendering/set_algebra_rules.rs:570
Litex.SetRules.setMinusEmptyRight	1	src/stmt_result_to_lean_compiler/compiler/proof_rendering/set_algebra_rules.rs:562
Litex.SetRules.setMinusRecoverSubset	1	src/stmt_result_to_lean_compiler/compiler/proof_rendering/set_algebra_rules.rs:335
Litex.SetRules.setMinusSelfEmpty	1	src/stmt_result_to_lean_compiler/compiler/proof_rendering/set_algebra_rules.rs:553
Litex.SetRules.subsetTransitive	1	src/stmt_result_to_lean_compiler/compiler/builtin_evidence_compilation.rs:203
Litex.SetRules.unionAssociative	1	src/stmt_result_to_lean_compiler/compiler/proof_rendering/structural_set_equality.rs:44
Litex.SetRules.unionCommutative	3	src/stmt_result_to_lean_compiler/compiler/proof_rendering/set_algebra_rules.rs:419;src/stmt_result_to_lean_compiler/compiler/proof_rendering/set_algebra_rules.rs:424;src/stmt_result_to_lean_compiler/compiler/proof_rendering/structural_set_equality.rs:26
Litex.SetRules.unionIdempotent	2	src/stmt_result_to_lean_compiler/compiler/proof_rendering/structural_set_equality.rs:66;src/stmt_result_to_lean_compiler/compiler/proof_rendering/structural_set_equality.rs:76
Litex.SetRules.unionNonemptyLeft	1	src/stmt_result_to_lean_compiler/compiler/fact_proof_dispatch.rs:655
Litex.SetRules.unionSetMinusDecomposition	1	src/stmt_result_to_lean_compiler/compiler/proof_rendering/set_algebra_rules.rs:415
Litex.SetRules.unionSubset	1	src/stmt_result_to_lean_compiler/compiler/proof_rendering/set_algebra_rules.rs:106
Litex.SingletonCarrier.element	1	src/stmt_result_to_lean_compiler/compiler/proof_rendering/list_set_elimination.rs:138
Litex.Subset	7	src/stmt_result_to_lean_compiler/compiler/fact_compilation/inference_environment.rs:969;src/stmt_result_to_lean_compiler/compiler/fact_compilation/inference_environment.rs:984;src/stmt_result_to_lean_compiler/compiler/fact_compilation/universal_facts.rs:784;src/stmt_result_to_lean_compiler/compiler/source_rendering/fact_rendering.rs:142;src/stmt_result_to_lean_compiler/compiler/source_rendering/fact_rendering.rs:147;src/stmt_result_to_lean_compiler/compiler/source_rendering/fact_rendering.rs:152;src/stmt_result_to_lean_compiler/compiler/source_rendering/fact_rendering.rs:157
Litex.TupleShape.dimension	7	src/stmt_result_to_lean_compiler/compiler/fact_compilation/algebraic_normalization.rs:66;src/stmt_result_to_lean_compiler/compiler/fact_compilation/tuple_equality_inference.rs:73;src/stmt_result_to_lean_compiler/compiler/fact_proof_dispatch.rs:508;src/stmt_result_to_lean_compiler/compiler/fact_proof_replay/native_equality.rs:133;src/stmt_result_to_lean_compiler/compiler/fact_proof_replay/proof_composition.rs:520;src/stmt_result_to_lean_compiler/compiler/object_definitions/evaluation.rs:73;src/stmt_result_to_lean_compiler/compiler/theorem_compilation/cartesian_inference.rs:85
Litex.Z	13	src/stmt_result_to_lean_compiler/compiler/builtin_evidence_compilation.rs:894;src/stmt_result_to_lean_compiler/compiler/builtin_evidence_compilation.rs:898;src/stmt_result_to_lean_compiler/compiler/builtin_evidence_compilation.rs:952;src/stmt_result_to_lean_compiler/compiler/fact_compilation/universal_facts.rs:417;src/stmt_result_to_lean_compiler/compiler/proof_rendering/forall_parameters.rs:233;src/stmt_result_to_lean_compiler/compiler/proof_rendering/forall_parameters.rs:234;src/stmt_result_to_lean_compiler/compiler/source_rendering/function_applications.rs:577;src/stmt_result_to_lean_compiler/compiler/source_rendering/standard_sets.rs:20;src/stmt_result_to_lean_compiler/compiler/source_rendering/standard_sets.rs:41;src/stmt_result_to_lean_compiler/compiler/structured_proofs.rs:2190;src/stmt_result_to_lean_compiler/compiler/structured_proofs.rs:2309;src/stmt_result_to_lean_compiler/compiler/structured_proofs.rs:3289;src/stmt_result_to_lean_compiler/compiler/theorem_compilation/named_forall.rs:293
Litex.ZNeg	2	src/stmt_result_to_lean_compiler/compiler/source_rendering/standard_sets.rs:26;src/stmt_result_to_lean_compiler/compiler/source_rendering/standard_sets.rs:53
Litex.ZStar	2	src/stmt_result_to_lean_compiler/compiler/source_rendering/standard_sets.rs:29;src/stmt_result_to_lean_compiler/compiler/source_rendering/standard_sets.rs:42
Litex.abs	19	src/stmt_result_to_lean_compiler/compiler/builtin_evidence_compilation.rs:1600;src/stmt_result_to_lean_compiler/compiler/builtin_evidence_compilation.rs:1712;src/stmt_result_to_lean_compiler/compiler/fact_compilation/algebraic_normalization.rs:66;src/stmt_result_to_lean_compiler/compiler/fact_compilation/algebraic_normalization.rs:443;src/stmt_result_to_lean_compiler/compiler/fact_compilation/defined_predicate_inference.rs:317;src/stmt_result_to_lean_compiler/compiler/fact_compilation/defined_predicate_inference.rs:337;src/stmt_result_to_lean_compiler/compiler/fact_proof_dispatch.rs:508;src/stmt_result_to_lean_compiler/compiler/fact_proof_replay/definition_projection.rs:75;src/stmt_result_to_lean_compiler/compiler/fact_proof_replay/known_forall_instantiation.rs:580;src/stmt_result_to_lean_compiler/compiler/fact_proof_replay/known_forall_instantiation.rs:735;src/stmt_result_to_lean_compiler/compiler/fact_proof_replay/known_forall_instantiation.rs:766;src/stmt_result_to_lean_compiler/compiler/fact_proof_replay/native_equality.rs:133;src/stmt_result_to_lean_compiler/compiler/fact_proof_replay/native_equality.rs:182;src/stmt_result_to_lean_compiler/compiler/fact_proof_replay/proof_composition.rs:520;src/stmt_result_to_lean_compiler/compiler/object_definitions/definition_proofs.rs:768;src/stmt_result_to_lean_compiler/compiler/object_definitions/definition_proofs.rs:816;src/stmt_result_to_lean_compiler/compiler/proof_rendering/numeric_sign_rendering.rs:303;src/stmt_result_to_lean_compiler/compiler/source_rendering/builtin_objects.rs:29;src/stmt_result_to_lean_compiler/compiler/source_rendering/object_rendering.rs:52
Litex.familyIntersect	1	src/stmt_result_to_lean_compiler/compiler/source_rendering/builtin_objects.rs:62
Litex.familyUnion	1	src/stmt_result_to_lean_compiler/compiler/source_rendering/builtin_objects.rs:58
Litex.cartCons	1	src/stmt_result_to_lean_compiler/compiler/source_rendering/object_rendering.rs:227
Litex.cartNil	1	src/stmt_result_to_lean_compiler/compiler/source_rendering/object_rendering.rs:224
Litex.closedRange	3	src/stmt_result_to_lean_compiler/compiler/builtin_evidence_compilation.rs:626;src/stmt_result_to_lean_compiler/compiler/object_definitions/tuples.rs:326;src/stmt_result_to_lean_compiler/compiler/source_rendering/object_rendering.rs:188
Litex.finiteSequenceSet	1	src/stmt_result_to_lean_compiler/compiler/source_rendering/object_rendering.rs:204
Litex.finiteSetProduct	1	src/stmt_result_to_lean_compiler/compiler/source_rendering/aggregate_objects.rs:100
Litex.finiteSetReduce	1	src/stmt_result_to_lean_compiler/compiler/source_rendering/aggregate_objects.rs:102
Litex.finiteSetSum	1	src/stmt_result_to_lean_compiler/compiler/source_rendering/aggregate_objects.rs:99
Litex.fnApply	10	src/stmt_result_to_lean_compiler/compiler/builtin_evidence_compilation.rs:1426;src/stmt_result_to_lean_compiler/compiler/builtin_evidence_compilation.rs:1600;src/stmt_result_to_lean_compiler/compiler/builtin_evidence_compilation.rs:1712;src/stmt_result_to_lean_compiler/compiler/fact_compilation/defined_predicate_inference.rs:317;src/stmt_result_to_lean_compiler/compiler/fact_compilation/defined_predicate_inference.rs:337;src/stmt_result_to_lean_compiler/compiler/fact_proof_replay/absolute_value.rs:100;src/stmt_result_to_lean_compiler/compiler/fact_proof_replay/definition_projection.rs:75;src/stmt_result_to_lean_compiler/compiler/fact_proof_replay/known_forall_instantiation.rs:580;src/stmt_result_to_lean_compiler/compiler/fact_proof_replay/known_forall_instantiation.rs:735;src/stmt_result_to_lean_compiler/compiler/source_rendering/function_applications.rs:771
Litex.fnApplyCarrier	3	src/stmt_result_to_lean_compiler/compiler/proof_rendering/function_reduction.rs:236;src/stmt_result_to_lean_compiler/compiler/source_rendering/function_applications.rs:760;src/stmt_result_to_lean_compiler/compiler/source_rendering/numeric_objects.rs:102
Litex.fnApplyOwn	17	src/stmt_result_to_lean_compiler/compiler/builtin_evidence_compilation.rs:1426;src/stmt_result_to_lean_compiler/compiler/builtin_evidence_compilation.rs:1600;src/stmt_result_to_lean_compiler/compiler/builtin_evidence_compilation.rs:1712;src/stmt_result_to_lean_compiler/compiler/fact_compilation/defined_predicate_inference.rs:317;src/stmt_result_to_lean_compiler/compiler/fact_compilation/defined_predicate_inference.rs:337;src/stmt_result_to_lean_compiler/compiler/fact_proof_replay/absolute_value.rs:100;src/stmt_result_to_lean_compiler/compiler/fact_proof_replay/definition_projection.rs:75;src/stmt_result_to_lean_compiler/compiler/fact_proof_replay/fact_transformations.rs:366;src/stmt_result_to_lean_compiler/compiler/fact_proof_replay/known_forall_instantiation.rs:580;src/stmt_result_to_lean_compiler/compiler/fact_proof_replay/known_forall_instantiation.rs:735;src/stmt_result_to_lean_compiler/compiler/fact_proof_replay/structural_congruence.rs:273;src/stmt_result_to_lean_compiler/compiler/object_definitions/definition_proofs.rs:768;src/stmt_result_to_lean_compiler/compiler/object_definitions/definition_proofs.rs:816;src/stmt_result_to_lean_compiler/compiler/object_definitions/function_unique_existence.rs:350;src/stmt_result_to_lean_compiler/compiler/object_definitions/function_unique_existence.rs:378;src/stmt_result_to_lean_compiler/compiler/proof_rendering/function_reduction.rs:240;src/stmt_result_to_lean_compiler/compiler/source_rendering/function_applications.rs:770
Litex.fnApplyOwnInRangeFromRenderedApplication	1	src/stmt_result_to_lean_compiler/compiler/builtin_evidence_compilation.rs:147
Litex.fnApplySelectedCarrier	2	src/stmt_result_to_lean_compiler/compiler/source_rendering/function_applications.rs:762;src/stmt_result_to_lean_compiler/compiler/source_rendering/numeric_objects.rs:103
Litex.fnApplyWhere	1	src/stmt_result_to_lean_compiler/compiler/source_rendering/function_applications.rs:773
Litex.fnApplyWhereOwn	2	src/stmt_result_to_lean_compiler/compiler/proof_rendering/function_reduction.rs:242;src/stmt_result_to_lean_compiler/compiler/source_rendering/function_applications.rs:772
Litex.fnApplyWhereOwnInRangeFromRenderedApplication	1	src/stmt_result_to_lean_compiler/compiler/builtin_evidence_compilation.rs:149
Litex.fnRangeOwnSubsetCodomain	2	src/stmt_result_to_lean_compiler/compiler/builtin_evidence_compilation.rs:198;src/stmt_result_to_lean_compiler/compiler/fact_compilation/inference_environment.rs:812
Litex.fnSet	2	src/stmt_result_to_lean_compiler/compiler/source_rendering/function_types.rs:206;src/stmt_result_to_lean_compiler/compiler/source_rendering/function_types.rs:242
Litex.fnSetWhere	2	src/stmt_result_to_lean_compiler/compiler/source_rendering/function_types.rs:209;src/stmt_result_to_lean_compiler/compiler/source_rendering/function_types.rs:245
Litex.fnTelescopeApply	1	src/stmt_result_to_lean_compiler/compiler/source_rendering/function_applications.rs:796
Litex.fnTelescopeApplyOwn	2	src/stmt_result_to_lean_compiler/compiler/proof_rendering/function_reduction.rs:238;src/stmt_result_to_lean_compiler/compiler/source_rendering/function_applications.rs:794
Litex.fnTelescopeSet	2	src/stmt_result_to_lean_compiler/compiler/source_rendering/function_types.rs:185;src/stmt_result_to_lean_compiler/compiler/source_rendering/function_types.rs:221
Litex.fnWhereRangeOwnSubsetCodomain	2	src/stmt_result_to_lean_compiler/compiler/builtin_evidence_compilation.rs:200;src/stmt_result_to_lean_compiler/compiler/fact_compilation/inference_environment.rs:814
Litex.indexCart	1	src/stmt_result_to_lean_compiler/compiler/source_rendering/object_rendering.rs:197
Litex.indexedTupleAt	1	src/stmt_result_to_lean_compiler/compiler/source_rendering/aggregate_objects.rs:154
Litex.intersect	1	src/stmt_result_to_lean_compiler/compiler/source_rendering/builtin_objects.rs:48
Litex.matrixSet	1	src/stmt_result_to_lean_compiler/compiler/source_rendering/object_rendering.rs:218
Litex.max	5	src/stmt_result_to_lean_compiler/compiler/fact_compilation/algebraic_normalization.rs:66;src/stmt_result_to_lean_compiler/compiler/fact_proof_dispatch.rs:508;src/stmt_result_to_lean_compiler/compiler/fact_proof_replay/native_equality.rs:133;src/stmt_result_to_lean_compiler/compiler/fact_proof_replay/proof_composition.rs:520;src/stmt_result_to_lean_compiler/compiler/source_rendering/builtin_objects.rs:38
Litex.min	5	src/stmt_result_to_lean_compiler/compiler/fact_compilation/algebraic_normalization.rs:66;src/stmt_result_to_lean_compiler/compiler/fact_proof_dispatch.rs:508;src/stmt_result_to_lean_compiler/compiler/fact_proof_replay/native_equality.rs:133;src/stmt_result_to_lean_compiler/compiler/fact_proof_replay/proof_composition.rs:520;src/stmt_result_to_lean_compiler/compiler/source_rendering/builtin_objects.rs:33
Litex.positiveNaturalParameterLessEqualNaturalBound	1	src/stmt_result_to_lean_compiler/compiler/source_rendering/function_types.rs:101
Litex.positiveNaturalParameterLessEqualNaturalBoundOfComplex	1	src/stmt_result_to_lean_compiler/compiler/source_rendering/function_applications.rs:741
Litex.powerSet	1	src/stmt_result_to_lean_compiler/compiler/source_rendering/builtin_objects.rs:66
Litex.product	1	src/stmt_result_to_lean_compiler/compiler/source_rendering/aggregate_objects.rs:98
Litex.range	2	src/stmt_result_to_lean_compiler/compiler/builtin_evidence_compilation.rs:623;src/stmt_result_to_lean_compiler/compiler/source_rendering/object_rendering.rs:183
Litex.realInterval	1	src/stmt_result_to_lean_compiler/compiler/source_rendering/target_sets.rs:118
Litex.realIntervalSubsetRFromExpectedType	1	src/stmt_result_to_lean_compiler/compiler/builtin_evidence_compilation.rs:95
Litex.realLeftRaySubsetRFromExpectedType	1	src/stmt_result_to_lean_compiler/compiler/builtin_evidence_compilation.rs:97
Litex.realRightRaySubsetRFromExpectedType	1	src/stmt_result_to_lean_compiler/compiler/builtin_evidence_compilation.rs:100
Litex.reduce	1	src/stmt_result_to_lean_compiler/compiler/source_rendering/aggregate_objects.rs:101
Litex.sequenceSet	1	src/stmt_result_to_lean_compiler/compiler/source_rendering/object_rendering.rs:209
Litex.setBuilder	1	src/stmt_result_to_lean_compiler/compiler/source_rendering/target_sets.rs:102
Litex.setMinus	1	src/stmt_result_to_lean_compiler/compiler/source_rendering/builtin_objects.rs:53
Litex.sum	1	src/stmt_result_to_lean_compiler/compiler/source_rendering/aggregate_objects.rs:92
Litex.tupleDim	8	src/stmt_result_to_lean_compiler/compiler/fact_compilation/algebraic_normalization.rs:66;src/stmt_result_to_lean_compiler/compiler/fact_compilation/tuple_equality_inference.rs:73;src/stmt_result_to_lean_compiler/compiler/fact_proof_dispatch.rs:508;src/stmt_result_to_lean_compiler/compiler/fact_proof_replay/native_equality.rs:133;src/stmt_result_to_lean_compiler/compiler/fact_proof_replay/proof_composition.rs:520;src/stmt_result_to_lean_compiler/compiler/object_definitions/evaluation.rs:73;src/stmt_result_to_lean_compiler/compiler/source_rendering/object_rendering.rs:239;src/stmt_result_to_lean_compiler/compiler/theorem_compilation/cartesian_inference.rs:85
Litex.tupleShape_isTuple	1	src/stmt_result_to_lean_compiler/compiler/theorem_compilation/cartesian_inference.rs:75
Litex.union	1	src/stmt_result_to_lean_compiler/compiler/source_rendering/builtin_objects.rs:43
