stable_rule_id	rust_symbol	status	owner	producer_reference_count	producer_references	compiler_consumer_count	compiler_consumers	limitation	limitation_reference	next_gate
aggregate.integer_range_sum_membership	BuiltinRuleEvidence::IntegerRangeSumMembership	mapped_not_kernel_checked	Codex	1	src/verification/builtin_rules/in_fact_builtin/numeric_membership.rs:125	3	src/stmt_result_to_lean_compiler/compiler/fact_proof_dispatch.rs:218;src/stmt_result_to_lean_compiler/compiler/fact_proof_replay/proof_composition.rs:328;src/stmt_result_to_lean_compiler/compiler/validation/direct_compilation_audit.rs:169			attach a positive tracer and real Lean kernel gate for aggregate.integer_range_sum_membership
aggregate.integer_range_sum_pointwise_order	BuiltinRuleEvidence::IntegerRangeSumPointwiseOrder	mapped_not_kernel_checked	Codex	1	src/verification/builtin_rules/order_algebra_builtin.rs:1414	3	src/stmt_result_to_lean_compiler/compiler/fact_proof_dispatch.rs:173;src/stmt_result_to_lean_compiler/compiler/fact_proof_replay/proof_composition.rs:243;src/stmt_result_to_lean_compiler/compiler/validation/direct_compilation_audit.rs:140			attach a positive tracer and real Lean kernel gate for aggregate.integer_range_sum_pointwise_order
aggregate.sum_single	AggregateBuiltinRule::SumSingle	mapped_not_kernel_checked	Codex	1	src/verification/builtin_rules/equality_numeric/iterated_ranges.rs:555	1	src/stmt_result_to_lean_compiler/compiler/fact_proof_replay/aggregates.rs:31			attach a positive tracer and real Lean kernel gate for aggregate.sum_single
aggregate.sum_split_last	AggregateBuiltinRule::SumSplitLast	mapped_not_kernel_checked	Codex	1	src/verification/builtin_rules/equality_numeric/iterated_ranges.rs:709	1	src/stmt_result_to_lean_compiler/compiler/fact_proof_replay/aggregates.rs:77			attach a positive tracer and real Lean kernel gate for aggregate.sum_split_last
algebra.abs_mul	AbsoluteValueBuiltinRule::Product	mapped_not_kernel_checked	Codex	1	src/verification/builtin_rules/equality_numeric/absolute_value.rs:171	4	src/stmt_result_to_lean_compiler/compiler/fact_proof_replay/absolute_value.rs:285;src/stmt_result_to_lean_compiler/compiler/fact_proof_replay/absolute_value.rs:458;src/stmt_result_to_lean_compiler/compiler/fact_proof_replay/native_equality.rs:119;src/stmt_result_to_lean_compiler/compiler/fact_proof_replay/native_equality.rs:122			attach a positive tracer and real Lean kernel gate for algebra.abs_mul
definition.projection	BuiltinRuleEvidence::DefinitionProjection	mapped_not_kernel_checked	Codex	1	src/execution/definition_execution/object/existential_elimination.rs:430	5	src/stmt_result_to_lean_compiler/compiler/fact_proof_dispatch.rs:106;src/stmt_result_to_lean_compiler/compiler/fact_proof_replay/proof_composition.rs:207;src/stmt_result_to_lean_compiler/compiler/structured_proofs.rs:1240;src/stmt_result_to_lean_compiler/compiler/structured_proofs.rs:1312;src/stmt_result_to_lean_compiler/compiler/validation/direct_compilation_audit.rs:133			attach a positive tracer and real Lean kernel gate for definition.projection
equality.complex_algebraic_normalization	BuiltinRuleEvidence::ComplexAlgebraicNormalization	mapped_not_kernel_checked	Codex	2	src/verification/equality/core.rs:299;src/verification/equality/core.rs:635	7	src/stmt_result_to_lean_compiler/compiler/fact_compilation/algebraic_normalization.rs:76;src/stmt_result_to_lean_compiler/compiler/fact_proof_dispatch.rs:347;src/stmt_result_to_lean_compiler/compiler/fact_proof_dispatch.rs:499;src/stmt_result_to_lean_compiler/compiler/fact_proof_replay/native_equality.rs:101;src/stmt_result_to_lean_compiler/compiler/fact_proof_replay/proof_composition.rs:449;src/stmt_result_to_lean_compiler/compiler/fact_proof_replay/proof_composition.rs:557;src/stmt_result_to_lean_compiler/compiler/validation/direct_compilation_audit.rs:153			attach a positive tracer and real Lean kernel gate for equality.complex_algebraic_normalization
equality.integral_polynomial_normalization	BuiltinRuleEvidence::IntegralPolynomialNormalization	mapped_not_kernel_checked	Codex	2	src/verification/equality/core.rs:217;src/verification/equality/core.rs:311	4	src/stmt_result_to_lean_compiler/compiler/fact_proof_dispatch.rs:338;src/stmt_result_to_lean_compiler/compiler/fact_proof_replay/native_equality.rs:83;src/stmt_result_to_lean_compiler/compiler/fact_proof_replay/proof_composition.rs:440;src/stmt_result_to_lean_compiler/compiler/validation/direct_compilation_audit.rs:159			attach a positive tracer and real Lean kernel gate for equality.integral_polynomial_normalization
equality.known_path	BuiltinRuleEvidence::KnownEqualityPath	mapped_not_kernel_checked	Codex	1	src/verification/builtin_rules/equality_structural.rs:174	3	src/stmt_result_to_lean_compiler/compiler/fact_proof_dispatch.rs:259;src/stmt_result_to_lean_compiler/compiler/fact_proof_replay/proof_composition.rs:369;src/stmt_result_to_lean_compiler/compiler/validation/direct_compilation_audit.rs:166			attach a positive tracer and real Lean kernel gate for equality.known_path
equality.object_reflexivity	BuiltinRuleEvidence::ObjectReflexivity	mapped_not_kernel_checked	Codex	1	src/verification/builtin_rules/equality_structural.rs:159	5	src/stmt_result_to_lean_compiler/compiler/fact_compilation/object_reflexivity.rs:13;src/stmt_result_to_lean_compiler/compiler/fact_proof_dispatch.rs:415;src/stmt_result_to_lean_compiler/compiler/fact_proof_replay/native_equality.rs:46;src/stmt_result_to_lean_compiler/compiler/fact_proof_replay/proof_composition.rs:517;src/stmt_result_to_lean_compiler/compiler/validation/direct_compilation_audit.rs:150			attach a positive tracer and real Lean kernel gate for equality.object_reflexivity
equality.rational_algebraic_normalization	BuiltinRuleEvidence::RationalAlgebraicNormalization	mapped_not_kernel_checked	Codex	1	src/verification/equality/core.rs:575	5	src/stmt_result_to_lean_compiler/compiler/fact_compilation/algebraic_normalization.rs:110;src/stmt_result_to_lean_compiler/compiler/fact_proof_dispatch.rs:356;src/stmt_result_to_lean_compiler/compiler/fact_proof_replay/native_equality.rs:110;src/stmt_result_to_lean_compiler/compiler/fact_proof_replay/proof_composition.rs:458;src/stmt_result_to_lean_compiler/compiler/validation/direct_compilation_audit.rs:152			attach a positive tracer and real Lean kernel gate for equality.rational_algebraic_normalization
equality.rational_normalization	BuiltinRuleEvidence::RationalNormalization	mapped_not_kernel_checked	Codex	1	src/verification/equality/core.rs:259	5	src/stmt_result_to_lean_compiler/compiler/fact_compilation/algebraic_normalization.rs:27;src/stmt_result_to_lean_compiler/compiler/fact_proof_dispatch.rs:445;src/stmt_result_to_lean_compiler/compiler/fact_proof_replay/native_equality.rs:57;src/stmt_result_to_lean_compiler/compiler/fact_proof_replay/proof_composition.rs:536;src/stmt_result_to_lean_compiler/compiler/validation/direct_compilation_audit.rs:151			attach a positive tracer and real Lean kernel gate for equality.rational_normalization
equality.structural_definition_congruence	BuiltinRuleEvidence::StructuralDefinitionCongruence	mapped_not_kernel_checked	Codex	1	src/verification/equality/core.rs:189	3	src/stmt_result_to_lean_compiler/compiler/fact_proof_dispatch.rs:320;src/stmt_result_to_lean_compiler/compiler/fact_proof_replay/proof_composition.rs:422;src/stmt_result_to_lean_compiler/compiler/validation/direct_compilation_audit.rs:157			attach a positive tracer and real Lean kernel gate for equality.structural_definition_congruence
equality.structural_known_equality_congruence	BuiltinRuleEvidence::StructuralKnownEqualityCongruence	mapped_not_kernel_checked	Codex	1	src/verification/equality/core.rs:164	3	src/stmt_result_to_lean_compiler/compiler/fact_proof_dispatch.rs:329;src/stmt_result_to_lean_compiler/compiler/fact_proof_replay/proof_composition.rs:431;src/stmt_result_to_lean_compiler/compiler/validation/direct_compilation_audit.rs:158			attach a positive tracer and real Lean kernel gate for equality.structural_known_equality_congruence
function.application_in_range	BuiltinRuleEvidence::FunctionApplicationInRange	mapped_not_kernel_checked	Codex	1	src/verification/builtin_rules/in_fact_builtin/set_membership.rs:1201	3	src/stmt_result_to_lean_compiler/compiler/fact_proof_dispatch.rs:133;src/stmt_result_to_lean_compiler/compiler/fact_proof_replay/proof_composition.rs:261;src/stmt_result_to_lean_compiler/compiler/validation/direct_compilation_audit.rs:136			attach a positive tracer and real Lean kernel gate for function.application_in_range
function.application_return_membership	BuiltinRuleEvidence::FunctionApplicationReturnMembership	mapped_not_kernel_checked	Codex	1	src/verification/builtin_rules/in_fact_builtin/numeric_membership.rs:349	3	src/stmt_result_to_lean_compiler/compiler/fact_proof_dispatch.rs:182;src/stmt_result_to_lean_compiler/compiler/fact_proof_replay/proof_composition.rs:252;src/stmt_result_to_lean_compiler/compiler/validation/direct_compilation_audit.rs:165			attach a positive tracer and real Lean kernel gate for function.application_return_membership
function.range_subset	BuiltinRuleEvidence::FunctionRangeSubset	mapped_not_kernel_checked	Codex	1	src/verification/builtin_rules/set_relation_duality.rs:525	3	src/stmt_result_to_lean_compiler/compiler/fact_proof_dispatch.rs:144;src/stmt_result_to_lean_compiler/compiler/fact_proof_replay/proof_composition.rs:272;src/stmt_result_to_lean_compiler/compiler/validation/direct_compilation_audit.rs:137			attach a positive tracer and real Lean kernel gate for function.range_subset
function.set_membership	BuiltinRuleEvidence::FunctionSetMembership	mapped_not_kernel_checked	Codex	1	src/verification/atomic/function_membership.rs:249	3	src/stmt_result_to_lean_compiler/compiler/fact_proof_dispatch.rs:124;src/stmt_result_to_lean_compiler/compiler/fact_proof_replay/proof_composition.rs:225;src/stmt_result_to_lean_compiler/compiler/validation/direct_compilation_audit.rs:135			attach a positive tracer and real Lean kernel gate for function.set_membership
logic.disjunction_introduction	BuiltinRuleEvidence::DisjunctionIntroduction	mapped_not_kernel_checked	Codex	2	src/verification/composite/disjunction.rs:582;src/verification/proof_search/builtin_rule.rs:168	5	src/stmt_result_to_lean_compiler/compiler/fact_proof_dispatch.rs:93;src/stmt_result_to_lean_compiler/compiler/fact_proof_dispatch.rs:95;src/stmt_result_to_lean_compiler/compiler/fact_proof_replay/proof_composition.rs:194;src/stmt_result_to_lean_compiler/compiler/fact_proof_replay/proof_composition.rs:196;src/stmt_result_to_lean_compiler/compiler/validation/direct_compilation_audit.rs:164			attach a positive tracer and real Lean kernel gate for logic.disjunction_introduction
matrix.expression_membership	BuiltinRuleEvidence::MatrixExpressionMembership	abi_decision	user	1	src/verification/builtin_rules/in_fact_builtin/dispatch.rs:127	1	src/stmt_result_to_lean_compiler/compiler/validation/direct_compilation_audit.rs:119	native matrix expressions do not yet have a reviewed Lean target ABI	src/stmt_result_to_lean_compiler/compiler/validation/direct_compilation_audit.rs:119	freeze the Lean representation contract before compiling matrix.expression_membership
nonzero.div	DivNotEqualZeroBuiltinRuleEvidence::DivNotEqualZeroBuiltinRuleEvidence	evidence_gap	Codex	2	src/result/verification/builtin_evidence/evidence.rs:290;src/verification/builtin_rules/not_equal_builtin.rs:1166	1	src/stmt_result_to_lean_compiler/compiler/validation/direct_compilation_audit.rs:122	Litex.Same lacks the reviewed numeric-observation elimination required by division nonzero replay	src/stmt_result_to_lean_compiler/compiler/validation/direct_compilation_audit.rs:123	inspect the exact producer Result and replace generic evidence for nonzero.div
nonzero.mul	NonzeroBuiltinRule::Mul	evidence_gap	Codex	1	src/verification/builtin_rules/not_equal_builtin.rs:1624	1	src/stmt_result_to_lean_compiler/compiler/validation/direct_compilation_audit.rs:126	Litex.Same lacks the reviewed numeric-observation elimination required by multiplication nonzero replay	src/stmt_result_to_lean_compiler/compiler/validation/direct_compilation_audit.rs:127	inspect the exact producer Result and replace generic evidence for nonzero.mul
not_equal.from_strict_order	BuiltinRuleEvidence::NotEqualFromStrictOrder	evidence_gap	Codex	1	src/verification/builtin_rules/not_equal_builtin.rs:405	3	src/stmt_result_to_lean_compiler/compiler/fact_compilation/algebraic_normalization.rs:11;src/stmt_result_to_lean_compiler/compiler/fact_compilation/algebraic_normalization.rs:384;src/stmt_result_to_lean_compiler/compiler/validation/direct_compilation_audit.rs:130	strict-order inequality replay lacks a reviewed numeric-observation elimination	src/stmt_result_to_lean_compiler/compiler/validation/direct_compilation_audit.rs:130	inspect the exact producer Result and replace generic evidence for not_equal.from_strict_order
not_equal.symmetry	BuiltinRuleEvidence::NotEqualSymmetry	mapped_not_kernel_checked	Codex	1	src/verification/builtin_rules/not_equal_builtin.rs:55	3	src/stmt_result_to_lean_compiler/compiler/fact_proof_dispatch.rs:84;src/stmt_result_to_lean_compiler/compiler/fact_proof_replay/proof_composition.rs:185;src/stmt_result_to_lean_compiler/compiler/validation/direct_compilation_audit.rs:176			attach a positive tracer and real Lean kernel gate for not_equal.symmetry
number_theory.coprime_natural_reflection	BuiltinRuleEvidence::CoprimeNaturalReflection	mapped_not_kernel_checked	Codex	1	src/verification/builtin_rules/coprime_builtin.rs:42	3	src/stmt_result_to_lean_compiler/compiler/fact_proof_dispatch.rs:583;src/stmt_result_to_lean_compiler/compiler/fact_proof_replay/proof_composition.rs:628;src/stmt_result_to_lean_compiler/compiler/validation/direct_compilation_audit.rs:183			attach a positive tracer and real Lean kernel gate for number_theory.coprime_natural_reflection
number_theory.prime_u64_reflection	BuiltinRuleEvidence::PrimeU64Reflection	mapped_not_kernel_checked	Codex	1	src/verification/builtin_rules/prime_builtin.rs:26	3	src/stmt_result_to_lean_compiler/compiler/fact_proof_dispatch.rs:577;src/stmt_result_to_lean_compiler/compiler/fact_proof_replay/proof_composition.rs:622;src/stmt_result_to_lean_compiler/compiler/validation/direct_compilation_audit.rs:182			attach a positive tracer and real Lean kernel gate for number_theory.prime_u64_reflection
numeric.closed_comparison	BuiltinRuleEvidence::ClosedNumericComparison	mapped_not_kernel_checked	Codex	2	src/verification/builtin_rules/not_equal_builtin.rs:276;src/verification/builtin_rules/number_compare/numeric_dispatch.rs:433	5	src/stmt_result_to_lean_compiler/compiler/fact_compilation/algebraic_normalization.rs:342;src/stmt_result_to_lean_compiler/compiler/fact_proof_dispatch.rs:538;src/stmt_result_to_lean_compiler/compiler/fact_proof_replay/proof_composition.rs:564;src/stmt_result_to_lean_compiler/compiler/theorem_compilation/real_analysis_builtins.rs:353;src/stmt_result_to_lean_compiler/compiler/validation/direct_compilation_audit.rs:144			attach a positive tracer and real Lean kernel gate for numeric.closed_comparison
numeric.closed_membership	BuiltinRuleEvidence::ClosedNumericMembership	mapped_not_kernel_checked	Codex	1	src/verification/builtin_rules/in_fact_builtin/numeric_values.rs:28	4	src/stmt_result_to_lean_compiler/compiler/fact_compilation/numeric_membership_inference.rs:17;src/stmt_result_to_lean_compiler/compiler/fact_proof_dispatch.rs:506;src/stmt_result_to_lean_compiler/compiler/fact_proof_replay/proof_composition.rs:588;src/stmt_result_to_lean_compiler/compiler/validation/direct_compilation_audit.rs:142			attach a positive tracer and real Lean kernel gate for numeric.closed_membership
numeric.closed_nonmembership	BuiltinRuleEvidence::ClosedNumericNonmembership	mapped_not_kernel_checked	Codex	1	src/verification/builtin_rules/in_fact_builtin/numeric_values.rs:82	3	src/stmt_result_to_lean_compiler/compiler/fact_proof_dispatch.rs:526;src/stmt_result_to_lean_compiler/compiler/fact_proof_replay/proof_composition.rs:602;src/stmt_result_to_lean_compiler/compiler/validation/direct_compilation_audit.rs:143			attach a positive tracer and real Lean kernel gate for numeric.closed_nonmembership
numeric.complex.add_membership	ComplexArithmeticMembershipClosureBuiltinRule::Add	mapped_not_kernel_checked	Codex	1	src/verification/builtin_rules/in_fact_builtin/numeric_membership.rs:1480	2	src/stmt_result_to_lean_compiler/compiler/builtin_evidence_compilation.rs:657;src/stmt_result_to_lean_compiler/compiler/builtin_evidence_compilation.rs:685			attach a positive tracer and real Lean kernel gate for numeric.complex.add_membership
numeric.complex.div_membership	ComplexArithmeticMembershipClosureBuiltinRule::Div	mapped_not_kernel_checked	Codex	1	src/verification/builtin_rules/in_fact_builtin/numeric_membership.rs:1483	2	src/stmt_result_to_lean_compiler/compiler/builtin_evidence_compilation.rs:672;src/stmt_result_to_lean_compiler/compiler/builtin_evidence_compilation.rs:688			attach a positive tracer and real Lean kernel gate for numeric.complex.div_membership
numeric.complex.mul_membership	ComplexArithmeticMembershipClosureBuiltinRule::Mul	mapped_not_kernel_checked	Codex	1	src/verification/builtin_rules/in_fact_builtin/numeric_membership.rs:1482	2	src/stmt_result_to_lean_compiler/compiler/builtin_evidence_compilation.rs:667;src/stmt_result_to_lean_compiler/compiler/builtin_evidence_compilation.rs:687			attach a positive tracer and real Lean kernel gate for numeric.complex.mul_membership
numeric.complex.sub_membership	ComplexArithmeticMembershipClosureBuiltinRule::Sub	mapped_not_kernel_checked	Codex	1	src/verification/builtin_rules/in_fact_builtin/numeric_membership.rs:1481	2	src/stmt_result_to_lean_compiler/compiler/builtin_evidence_compilation.rs:662;src/stmt_result_to_lean_compiler/compiler/builtin_evidence_compilation.rs:686			attach a positive tracer and real Lean kernel gate for numeric.complex.sub_membership
numeric.constant.e_in_complex	NativeConstantMembershipBuiltinRule::EulerNumberInComplex	mapped_not_kernel_checked	Codex	1	src/verification/builtin_rules/in_fact_builtin/dispatch.rs:316	1	src/stmt_result_to_lean_compiler/compiler/builtin_evidence_compilation.rs:482			attach a positive tracer and real Lean kernel gate for numeric.constant.e_in_complex
numeric.constant.e_in_positive_real	NativeConstantMembershipBuiltinRule::EulerNumberInPositiveReal	mapped_not_kernel_checked	Codex	1	src/verification/builtin_rules/in_fact_builtin/dispatch.rs:304	1	src/stmt_result_to_lean_compiler/compiler/builtin_evidence_compilation.rs:472			attach a positive tracer and real Lean kernel gate for numeric.constant.e_in_positive_real
numeric.constant.e_in_real	NativeConstantMembershipBuiltinRule::EulerNumberInReal	mapped_not_kernel_checked	Codex	1	src/verification/builtin_rules/in_fact_builtin/dispatch.rs:310	1	src/stmt_result_to_lean_compiler/compiler/builtin_evidence_compilation.rs:462			attach a positive tracer and real Lean kernel gate for numeric.constant.e_in_real
numeric.constant.i_in_complex	NativeConstantMembershipBuiltinRule::ImaginaryUnitInComplex	mapped_not_kernel_checked	Codex	1	src/verification/builtin_rules/in_fact_builtin/dispatch.rs:285	1	src/stmt_result_to_lean_compiler/compiler/builtin_evidence_compilation.rs:457			attach a positive tracer and real Lean kernel gate for numeric.constant.i_in_complex
numeric.constant.pi_in_complex	NativeConstantMembershipBuiltinRule::PiInComplex	mapped_not_kernel_checked	Codex	1	src/verification/builtin_rules/in_fact_builtin/dispatch.rs:319	1	src/stmt_result_to_lean_compiler/compiler/builtin_evidence_compilation.rs:487			attach a positive tracer and real Lean kernel gate for numeric.constant.pi_in_complex
numeric.constant.pi_in_positive_real	NativeConstantMembershipBuiltinRule::PiInPositiveReal	mapped_not_kernel_checked	Codex	1	src/verification/builtin_rules/in_fact_builtin/dispatch.rs:307	1	src/stmt_result_to_lean_compiler/compiler/builtin_evidence_compilation.rs:477			attach a positive tracer and real Lean kernel gate for numeric.constant.pi_in_positive_real
numeric.constant.pi_in_real	NativeConstantMembershipBuiltinRule::PiInReal	mapped_not_kernel_checked	Codex	1	src/verification/builtin_rules/in_fact_builtin/dispatch.rs:313	1	src/stmt_result_to_lean_compiler/compiler/builtin_evidence_compilation.rs:467			attach a positive tracer and real Lean kernel gate for numeric.constant.pi_in_real
numeric.integer.add_membership	IntegerMembershipClosureBuiltinRule::Add	mapped_not_kernel_checked	Codex	3	src/verification/builtin_rules/in_fact_builtin/numeric_membership.rs:1679;src/verification/builtin_rules/in_fact_builtin/numeric_membership.rs:2004;src/verification/builtin_strategies/numeric_carrier.rs:130	1	src/stmt_result_to_lean_compiler/compiler/builtin_evidence_compilation.rs:732			attach a positive tracer and real Lean kernel gate for numeric.integer.add_membership
numeric.integer.mod_membership	IntegerMembershipClosureBuiltinRule::Mod	mapped_not_kernel_checked	Codex	2	src/verification/builtin_rules/in_fact_builtin/numeric_membership.rs:2007;src/verification/builtin_strategies/numeric_carrier.rs:133	1	src/stmt_result_to_lean_compiler/compiler/builtin_evidence_compilation.rs:741			attach a positive tracer and real Lean kernel gate for numeric.integer.mod_membership
numeric.integer.mul_membership	IntegerMembershipClosureBuiltinRule::Mul	mapped_not_kernel_checked	Codex	3	src/verification/builtin_rules/in_fact_builtin/numeric_membership.rs:1687;src/verification/builtin_rules/in_fact_builtin/numeric_membership.rs:2006;src/verification/builtin_strategies/numeric_carrier.rs:132	1	src/stmt_result_to_lean_compiler/compiler/builtin_evidence_compilation.rs:738			attach a positive tracer and real Lean kernel gate for numeric.integer.mul_membership
numeric.integer.pow_nat_membership	IntegerMembershipClosureBuiltinRule::PowNat	mapped_not_kernel_checked	Codex	2	src/verification/builtin_rules/in_fact_builtin/numeric_membership.rs:2008;src/verification/builtin_strategies/numeric_carrier.rs:134	1	src/stmt_result_to_lean_compiler/compiler/builtin_evidence_compilation.rs:745			attach a positive tracer and real Lean kernel gate for numeric.integer.pow_nat_membership
numeric.integer.sub_membership	IntegerMembershipClosureBuiltinRule::Sub	mapped_not_kernel_checked	Codex	3	src/verification/builtin_rules/in_fact_builtin/numeric_membership.rs:1683;src/verification/builtin_rules/in_fact_builtin/numeric_membership.rs:2005;src/verification/builtin_strategies/numeric_carrier.rs:131	1	src/stmt_result_to_lean_compiler/compiler/builtin_evidence_compilation.rs:735			attach a positive tracer and real Lean kernel gate for numeric.integer.sub_membership
numeric.natural.add_membership	NaturalMembershipClosureBuiltinRule::Add	mapped_not_kernel_checked	Codex	1	src/verification/builtin_rules/in_fact_builtin/numeric_membership.rs:405	1	src/stmt_result_to_lean_compiler/compiler/builtin_evidence_compilation.rs:986			attach a positive tracer and real Lean kernel gate for numeric.natural.add_membership
numeric.natural.mul_membership	NaturalMembershipClosureBuiltinRule::Mul	mapped_not_kernel_checked	Codex	1	src/verification/builtin_rules/in_fact_builtin/numeric_membership.rs:569	1	src/stmt_result_to_lean_compiler/compiler/builtin_evidence_compilation.rs:991			attach a positive tracer and real Lean kernel gate for numeric.natural.mul_membership
numeric.positive_natural.add_both_positive_membership	PositiveNaturalMembershipClosureBuiltinRule::AddBothPositive	mapped_not_kernel_checked	Codex	1	src/verification/builtin_rules/in_fact_builtin/numeric_membership.rs:760	1	src/stmt_result_to_lean_compiler/compiler/builtin_evidence_compilation.rs:1051			attach a positive tracer and real Lean kernel gate for numeric.positive_natural.add_both_positive_membership
numeric.positive_natural.add_left_positive_membership	PositiveNaturalMembershipClosureBuiltinRule::AddLeftPositive	mapped_not_kernel_checked	Codex	1	src/verification/builtin_rules/in_fact_builtin/numeric_membership.rs:780	1	src/stmt_result_to_lean_compiler/compiler/builtin_evidence_compilation.rs:1059			attach a positive tracer and real Lean kernel gate for numeric.positive_natural.add_left_positive_membership
numeric.positive_natural.add_right_positive_membership	PositiveNaturalMembershipClosureBuiltinRule::AddRightPositive	mapped_not_kernel_checked	Codex	1	src/verification/builtin_rules/in_fact_builtin/numeric_membership.rs:798	1	src/stmt_result_to_lean_compiler/compiler/builtin_evidence_compilation.rs:1068			attach a positive tracer and real Lean kernel gate for numeric.positive_natural.add_right_positive_membership
numeric.positive_natural.mul_membership	PositiveNaturalMembershipClosureBuiltinRule::MulBothPositive	mapped_not_kernel_checked	Codex	1	src/verification/builtin_rules/in_fact_builtin/numeric_membership.rs:873	1	src/stmt_result_to_lean_compiler/compiler/builtin_evidence_compilation.rs:1076			attach a positive tracer and real Lean kernel gate for numeric.positive_natural.mul_membership
numeric.rational.add_membership	RationalMembershipClosureBuiltinRule::Add	mapped_not_kernel_checked	Codex	1	src/verification/builtin_rules/in_fact_builtin/numeric_membership.rs:2084	1	src/stmt_result_to_lean_compiler/compiler/builtin_evidence_compilation.rs:1143			attach a positive tracer and real Lean kernel gate for numeric.rational.add_membership
numeric.rational.div_membership	RationalMembershipClosureBuiltinRule::Div	mapped_not_kernel_checked	Codex	1	src/verification/builtin_rules/in_fact_builtin/numeric_membership.rs:2087	1	src/stmt_result_to_lean_compiler/compiler/builtin_evidence_compilation.rs:1152			attach a positive tracer and real Lean kernel gate for numeric.rational.div_membership
numeric.rational.mul_membership	RationalMembershipClosureBuiltinRule::Mul	mapped_not_kernel_checked	Codex	1	src/verification/builtin_rules/in_fact_builtin/numeric_membership.rs:2086	1	src/stmt_result_to_lean_compiler/compiler/builtin_evidence_compilation.rs:1149			attach a positive tracer and real Lean kernel gate for numeric.rational.mul_membership
numeric.rational.pow_membership	RationalMembershipClosureBuiltinRule::Pow	mapped_not_kernel_checked	Codex	1	src/verification/builtin_rules/in_fact_builtin/numeric_membership.rs:2088	1	src/stmt_result_to_lean_compiler/compiler/builtin_evidence_compilation.rs:1155			attach a positive tracer and real Lean kernel gate for numeric.rational.pow_membership
numeric.rational.sub_membership	RationalMembershipClosureBuiltinRule::Sub	mapped_not_kernel_checked	Codex	1	src/verification/builtin_rules/in_fact_builtin/numeric_membership.rs:2085	1	src/stmt_result_to_lean_compiler/compiler/builtin_evidence_compilation.rs:1146			attach a positive tracer and real Lean kernel gate for numeric.rational.sub_membership
numeric.real.abs_membership	RealArithmeticMembershipClosureBuiltinRule::Abs	mapped_not_kernel_checked	Codex	1	src/verification/builtin_rules/in_fact_builtin/numeric_membership.rs:1548	2	src/stmt_result_to_lean_compiler/compiler/fact_proof_replay/real_membership_closure.rs:19;src/stmt_result_to_lean_compiler/compiler/fact_proof_replay/real_membership_closure.rs:54			attach a positive tracer and real Lean kernel gate for numeric.real.abs_membership
numeric.real.add_membership	RealArithmeticMembershipClosureBuiltinRule::Add	mapped_not_kernel_checked	Codex	2	src/verification/builtin_rules/in_fact_builtin/numeric_membership.rs:1519;src/verification/builtin_strategies/numeric_carrier.rs:101	1	src/stmt_result_to_lean_compiler/compiler/fact_proof_replay/real_membership_closure.rs:33			attach a positive tracer and real Lean kernel gate for numeric.real.add_membership
numeric.real.div_membership	RealArithmeticMembershipClosureBuiltinRule::Div	mapped_not_kernel_checked	Codex	2	src/verification/builtin_rules/in_fact_builtin/numeric_membership.rs:1540;src/verification/builtin_strategies/numeric_carrier.rs:104	1	src/stmt_result_to_lean_compiler/compiler/fact_proof_replay/real_membership_closure.rs:48			attach a positive tracer and real Lean kernel gate for numeric.real.div_membership
numeric.real.mul_membership	RealArithmeticMembershipClosureBuiltinRule::Mul	mapped_not_kernel_checked	Codex	2	src/verification/builtin_rules/in_fact_builtin/numeric_membership.rs:1533;src/verification/builtin_strategies/numeric_carrier.rs:103	1	src/stmt_result_to_lean_compiler/compiler/fact_proof_replay/real_membership_closure.rs:43			attach a positive tracer and real Lean kernel gate for numeric.real.mul_membership
numeric.real.pow_membership	RealArithmeticMembershipClosureBuiltinRule::Pow	mapped_not_kernel_checked	Codex	2	src/verification/builtin_rules/in_fact_builtin/numeric_membership.rs:1544;src/verification/builtin_strategies/numeric_carrier.rs:105	1	src/stmt_result_to_lean_compiler/compiler/fact_proof_replay/real_membership_closure.rs:53			attach a positive tracer and real Lean kernel gate for numeric.real.pow_membership
numeric.real.sub_membership	RealArithmeticMembershipClosureBuiltinRule::Sub	mapped_not_kernel_checked	Codex	2	src/verification/builtin_rules/in_fact_builtin/numeric_membership.rs:1526;src/verification/builtin_strategies/numeric_carrier.rs:102	1	src/stmt_result_to_lean_compiler/compiler/fact_proof_replay/real_membership_closure.rs:38			attach a positive tracer and real Lean kernel gate for numeric.real.sub_membership
numeric.refined_membership	BuiltinRuleEvidence::RefinedNumericMembership	mapped_not_kernel_checked	Codex	1	src/verification/builtin_strategies/numeric_carrier.rs:72	3	src/stmt_result_to_lean_compiler/compiler/fact_proof_dispatch.rs:73;src/stmt_result_to_lean_compiler/compiler/fact_proof_replay/proof_composition.rs:174;src/stmt_result_to_lean_compiler/compiler/validation/direct_compilation_audit.rs:141			attach a positive tracer and real Lean kernel gate for numeric.refined_membership
numeric.standard_set_membership_projection	BuiltinRuleEvidence::StandardSetMembershipProjection	mapped_not_kernel_checked	Codex	1	src/verification/builtin_rules/in_fact_builtin/structured_membership.rs:690	3	src/stmt_result_to_lean_compiler/compiler/fact_proof_dispatch.rs:279;src/stmt_result_to_lean_compiler/compiler/fact_proof_replay/proof_composition.rs:301;src/stmt_result_to_lean_compiler/compiler/validation/direct_compilation_audit.rs:184			attach a positive tracer and real Lean kernel gate for numeric.standard_set_membership_projection
numeric.standard_set_subset	BuiltinRuleEvidence::StandardSetSubset	mapped_not_kernel_checked	Codex	4	src/verification/builtin_rules/in_fact_builtin/numeric_membership.rs:1757;src/verification/builtin_rules/in_fact_builtin/numeric_membership.rs:1830;src/verification/builtin_rules/in_fact_builtin/structured_membership.rs:154;src/verification/builtin_rules/set_relation_duality.rs:345	3	src/stmt_result_to_lean_compiler/compiler/fact_proof_dispatch.rs:574;src/stmt_result_to_lean_compiler/compiler/fact_proof_replay/proof_composition.rs:619;src/stmt_result_to_lean_compiler/compiler/validation/direct_compilation_audit.rs:185			attach a positive tracer and real Lean kernel gate for numeric.standard_set_subset
order.abs_add_le	AbsoluteValueBuiltinRule::TriangleAdd	mapped_not_kernel_checked	Codex	1	src/verification/builtin_rules/abs_order_builtin.rs:760	5	src/stmt_result_to_lean_compiler/compiler/fact_proof_replay/absolute_value.rs:116;src/stmt_result_to_lean_compiler/compiler/fact_proof_replay/absolute_value.rs:200;src/stmt_result_to_lean_compiler/compiler/fact_proof_replay/absolute_value.rs:205;src/stmt_result_to_lean_compiler/compiler/fact_proof_replay/absolute_value.rs:225;src/stmt_result_to_lean_compiler/compiler/fact_proof_replay/absolute_value.rs:463			attach a positive tracer and real Lean kernel gate for order.abs_add_le
order.abs_eq_neg_of_nonpositive	AbsoluteValueBuiltinRule::NonpositiveNegation	mapped_not_kernel_checked	Codex	1	src/verification/builtin_rules/equality_numeric/absolute_value.rs:137	4	src/stmt_result_to_lean_compiler/compiler/fact_proof_replay/absolute_value.rs:305;src/stmt_result_to_lean_compiler/compiler/fact_proof_replay/absolute_value.rs:328;src/stmt_result_to_lean_compiler/compiler/fact_proof_replay/absolute_value.rs:363;src/stmt_result_to_lean_compiler/compiler/fact_proof_replay/absolute_value.rs:388			attach a positive tracer and real Lean kernel gate for order.abs_eq_neg_of_nonpositive
order.abs_eq_self_of_nonnegative	AbsoluteValueBuiltinRule::NonnegativeIdentity	mapped_not_kernel_checked	Codex	1	src/verification/builtin_rules/equality_numeric/absolute_value.rs:89	5	src/stmt_result_to_lean_compiler/compiler/fact_proof_replay/absolute_value.rs:304;src/stmt_result_to_lean_compiler/compiler/fact_proof_replay/absolute_value.rs:322;src/stmt_result_to_lean_compiler/compiler/fact_proof_replay/absolute_value.rs:359;src/stmt_result_to_lean_compiler/compiler/fact_proof_replay/absolute_value.rs:387;src/stmt_result_to_lean_compiler/compiler/fact_proof_replay/absolute_value.rs:392			attach a positive tracer and real Lean kernel gate for order.abs_eq_self_of_nonnegative
order.abs_nonnegative	AbsoluteValueBuiltinRule::Nonnegative	mapped_not_kernel_checked	Codex	1	src/verification/builtin_rules/number_compare/roots_and_absolute_value.rs:26	3	src/stmt_result_to_lean_compiler/compiler/fact_proof_replay/absolute_value.rs:112;src/stmt_result_to_lean_compiler/compiler/fact_proof_replay/absolute_value.rs:160;src/stmt_result_to_lean_compiler/compiler/fact_proof_replay/absolute_value.rs:459			attach a positive tracer and real Lean kernel gate for order.abs_nonnegative
order.abs_positive_of_nonzero	AbsoluteValueBuiltinRule::PositiveFromNonzero	mapped_not_kernel_checked	Codex	1	src/verification/builtin_rules/abs_order_builtin.rs:452	1	src/stmt_result_to_lean_compiler/compiler/fact_proof_replay/absolute_value.rs:412			attach a positive tracer and real Lean kernel gate for order.abs_positive_of_nonzero
order.abs_sub_abs_le_abs_add	AbsoluteValueBuiltinRule::ReverseTriangleAdd	mapped_not_kernel_checked	Codex	1	src/verification/builtin_rules/abs_order_builtin.rs:798	5	src/stmt_result_to_lean_compiler/compiler/fact_proof_replay/absolute_value.rs:118;src/stmt_result_to_lean_compiler/compiler/fact_proof_replay/absolute_value.rs:232;src/stmt_result_to_lean_compiler/compiler/fact_proof_replay/absolute_value.rs:247;src/stmt_result_to_lean_compiler/compiler/fact_proof_replay/absolute_value.rs:266;src/stmt_result_to_lean_compiler/compiler/fact_proof_replay/absolute_value.rs:465			attach a positive tracer and real Lean kernel gate for order.abs_sub_abs_le_abs_add
order.abs_sub_abs_le_abs_sub	AbsoluteValueBuiltinRule::ReverseTriangleSub	mapped_not_kernel_checked	Codex	1	src/verification/builtin_rules/abs_order_builtin.rs:800	4	src/stmt_result_to_lean_compiler/compiler/fact_proof_replay/absolute_value.rs:119;src/stmt_result_to_lean_compiler/compiler/fact_proof_replay/absolute_value.rs:233;src/stmt_result_to_lean_compiler/compiler/fact_proof_replay/absolute_value.rs:254;src/stmt_result_to_lean_compiler/compiler/fact_proof_replay/absolute_value.rs:466			attach a positive tracer and real Lean kernel gate for order.abs_sub_abs_le_abs_sub
order.abs_sub_le_sum	AbsoluteValueBuiltinRule::TriangleSub	mapped_not_kernel_checked	Codex	1	src/verification/builtin_rules/abs_order_builtin.rs:764	4	src/stmt_result_to_lean_compiler/compiler/fact_proof_replay/absolute_value.rs:117;src/stmt_result_to_lean_compiler/compiler/fact_proof_replay/absolute_value.rs:200;src/stmt_result_to_lean_compiler/compiler/fact_proof_replay/absolute_value.rs:208;src/stmt_result_to_lean_compiler/compiler/fact_proof_replay/absolute_value.rs:464			attach a positive tracer and real Lean kernel gate for order.abs_sub_le_sum
order.abs_upper_bound	AbsoluteValueBuiltinRule::UpperBound	mapped_not_kernel_checked	Codex	1	src/verification/builtin_rules/abs_order_builtin.rs:504	2	src/stmt_result_to_lean_compiler/compiler/fact_proof_replay/absolute_value.rs:16;src/stmt_result_to_lean_compiler/compiler/fact_proof_replay/absolute_value.rs:455			attach a positive tracer and real Lean kernel gate for order.abs_upper_bound
order.add_le_add	ArithmeticBuiltinRule::AddComponentwiseLessEqual	mapped_not_kernel_checked	Codex	1	src/verification/builtin_rules/order_algebra_builtin.rs:2078	3	src/stmt_result_to_lean_compiler/compiler/builtin_evidence_compilation.rs:1358;src/stmt_result_to_lean_compiler/compiler/builtin_evidence_compilation.rs:1750;src/stmt_result_to_lean_compiler/compiler/builtin_evidence_compilation.rs:2213			attach a positive tracer and real Lean kernel gate for order.add_le_add
order.add_le_add_left	ArithmeticBuiltinRule::AddCommonLeftLessEqual	mapped_not_kernel_checked	Codex	1	src/verification/builtin_rules/order_algebra_builtin.rs:1749	3	src/stmt_result_to_lean_compiler/compiler/builtin_evidence_compilation.rs:1344;src/stmt_result_to_lean_compiler/compiler/builtin_evidence_compilation.rs:1748;src/stmt_result_to_lean_compiler/compiler/builtin_evidence_compilation.rs:2207			attach a positive tracer and real Lean kernel gate for order.add_le_add_left
order.add_lt_add	ArithmeticBuiltinRule::AddComponentwiseLess	mapped_not_kernel_checked	Codex	1	src/verification/builtin_rules/order_algebra_builtin.rs:2815	3	src/stmt_result_to_lean_compiler/compiler/builtin_evidence_compilation.rs:1360;src/stmt_result_to_lean_compiler/compiler/builtin_evidence_compilation.rs:1751;src/stmt_result_to_lean_compiler/compiler/builtin_evidence_compilation.rs:2217			attach a positive tracer and real Lean kernel gate for order.add_lt_add
order.add_lt_add_left	ArithmeticBuiltinRule::AddCommonLeftLess	mapped_not_kernel_checked	Codex	1	src/verification/builtin_rules/order_algebra_builtin.rs:2360	3	src/stmt_result_to_lean_compiler/compiler/builtin_evidence_compilation.rs:1345;src/stmt_result_to_lean_compiler/compiler/builtin_evidence_compilation.rs:1749;src/stmt_result_to_lean_compiler/compiler/builtin_evidence_compilation.rs:2210			attach a positive tracer and real Lean kernel gate for order.add_lt_add_left
order.add_lt_add_of_le_of_lt	ArithmeticBuiltinRule::AddComponentwiseLessEqualLess	mapped_not_kernel_checked	Codex	1	src/verification/builtin_rules/order_algebra_builtin.rs:2867	3	src/stmt_result_to_lean_compiler/compiler/builtin_evidence_compilation.rs:1362;src/stmt_result_to_lean_compiler/compiler/builtin_evidence_compilation.rs:1753;src/stmt_result_to_lean_compiler/compiler/builtin_evidence_compilation.rs:2224			attach a positive tracer and real Lean kernel gate for order.add_lt_add_of_le_of_lt
order.add_lt_add_of_lt_of_le	ArithmeticBuiltinRule::AddComponentwiseLessLessEqual	mapped_not_kernel_checked	Codex	1	src/verification/builtin_rules/order_algebra_builtin.rs:2841	3	src/stmt_result_to_lean_compiler/compiler/builtin_evidence_compilation.rs:1361;src/stmt_result_to_lean_compiler/compiler/builtin_evidence_compilation.rs:1752;src/stmt_result_to_lean_compiler/compiler/builtin_evidence_compilation.rs:2220			attach a positive tracer and real Lean kernel gate for order.add_lt_add_of_lt_of_le
order.add_nonnegative	ArithmeticBuiltinRule::AddNonnegative	mapped_not_kernel_checked	Codex	2	src/verification/builtin_rules/number_compare/additive_sign.rs:53;src/verification/builtin_strategies/numeric_sign.rs:852	1	src/stmt_result_to_lean_compiler/compiler/builtin_evidence_compilation.rs:1314			attach a positive tracer and real Lean kernel gate for order.add_nonnegative
order.add_positive	ArithmeticBuiltinRule::AddPositive	mapped_not_kernel_checked	Codex	1	src/verification/builtin_rules/number_compare/additive_sign.rs:102	1	src/stmt_result_to_lean_compiler/compiler/builtin_evidence_compilation.rs:1317			attach a positive tracer and real Lean kernel gate for order.add_positive
order.add_positive_of_nonnegative_positive	ArithmeticBuiltinRule::AddPositiveRightStrict	mapped_not_kernel_checked	Codex	2	src/verification/builtin_rules/number_compare/additive_sign.rs:172;src/verification/builtin_strategies/numeric_sign.rs:915	1	src/stmt_result_to_lean_compiler/compiler/builtin_evidence_compilation.rs:1323			attach a positive tracer and real Lean kernel gate for order.add_positive_of_nonnegative_positive
order.add_positive_of_positive_nonnegative	ArithmeticBuiltinRule::AddPositiveLeftStrict	mapped_not_kernel_checked	Codex	2	src/verification/builtin_rules/number_compare/additive_sign.rs:138;src/verification/builtin_strategies/numeric_sign.rs:900	1	src/stmt_result_to_lean_compiler/compiler/builtin_evidence_compilation.rs:1320			attach a positive tracer and real Lean kernel gate for order.add_positive_of_positive_nonnegative
order.div_lt_self_of_pos_of_one_lt	ArithmeticBuiltinRule::DivByGreaterThanOneLessSelf	mapped_not_kernel_checked	Codex	1	src/verification/builtin_rules/order_algebra_builtin.rs:2663	2	src/stmt_result_to_lean_compiler/compiler/builtin_evidence_compilation.rs:1366;src/stmt_result_to_lean_compiler/compiler/builtin_evidence_compilation.rs:1417			attach a positive tracer and real Lean kernel gate for order.div_lt_self_of_pos_of_one_lt
order.div_nonnegative	ArithmeticBuiltinRule::DivNonnegative	mapped_not_kernel_checked	Codex	2	src/verification/builtin_rules/number_compare/multiplicative_sign.rs:159;src/verification/builtin_strategies/numeric_sign.rs:882	1	src/stmt_result_to_lean_compiler/compiler/builtin_evidence_compilation.rs:1332			attach a positive tracer and real Lean kernel gate for order.div_nonnegative
order.div_positive	ArithmeticBuiltinRule::DivPositive	mapped_not_kernel_checked	Codex	2	src/verification/builtin_rules/number_compare/multiplicative_sign.rs:212;src/verification/builtin_strategies/numeric_sign.rs:945	1	src/stmt_result_to_lean_compiler/compiler/builtin_evidence_compilation.rs:1335			attach a positive tracer and real Lean kernel gate for order.div_positive
order.greater_equal_of_greater	ArithmeticBuiltinRule::GreaterEqualFromStrictOrder	mapped_not_kernel_checked	Codex	1	src/verification/builtin_rules/number_compare/numeric_dispatch.rs:392	1	src/stmt_result_to_lean_compiler/compiler/builtin_evidence_compilation.rs:1343			attach a positive tracer and real Lean kernel gate for order.greater_equal_of_greater
order.le_add_of_nonnegative_right	ArithmeticBuiltinRule::AddRightNonnegativeLessEqual	mapped_not_kernel_checked	Codex	2	src/verification/builtin_rules/order_algebra_builtin.rs:1842;src/verification/builtin_strategies/numeric_sign.rs:833	3	src/stmt_result_to_lean_compiler/compiler/builtin_evidence_compilation.rs:1353;src/stmt_result_to_lean_compiler/compiler/builtin_evidence_compilation.rs:1375;src/stmt_result_to_lean_compiler/compiler/builtin_evidence_compilation.rs:1926			attach a positive tracer and real Lean kernel gate for order.le_add_of_nonnegative_right
order.le_max_left	ExtremaBuiltinRule::LessEqualMaxLeft	mapped_not_kernel_checked	Codex	1	src/verification/builtin_rules/native_integer_extrema.rs:497	3	src/stmt_result_to_lean_compiler/compiler/fact_proof_replay/extrema.rs:78;src/stmt_result_to_lean_compiler/compiler/fact_proof_replay/extrema.rs:108;src/stmt_result_to_lean_compiler/compiler/fact_proof_replay/extrema.rs:113			attach a positive tracer and real Lean kernel gate for order.le_max_left
order.le_max_right	ExtremaBuiltinRule::LessEqualMaxRight	mapped_not_kernel_checked	Codex	1	src/verification/builtin_rules/native_integer_extrema.rs:500	2	src/stmt_result_to_lean_compiler/compiler/fact_proof_replay/extrema.rs:79;src/stmt_result_to_lean_compiler/compiler/fact_proof_replay/extrema.rs:109			attach a positive tracer and real Lean kernel gate for order.le_max_right
order.less_equal_of_less	ArithmeticBuiltinRule::LessEqualFromStrictOrder	mapped_not_kernel_checked	Codex	2	src/verification/builtin_rules/number_compare/known_numeric_bounds.rs:43;src/verification/builtin_rules/number_compare/numeric_dispatch.rs:343	1	src/stmt_result_to_lean_compiler/compiler/builtin_evidence_compilation.rs:1342			attach a positive tracer and real Lean kernel gate for order.less_equal_of_less
order.lt_add_of_sub_lt	ArithmeticBuiltinRule::SubLessImpliesLessAdd	mapped_not_kernel_checked	Codex	1	src/verification/builtin_rules/order_algebra_builtin.rs:2553	2	src/stmt_result_to_lean_compiler/compiler/builtin_evidence_compilation.rs:1348;src/stmt_result_to_lean_compiler/compiler/builtin_evidence_compilation.rs:1853			attach a positive tracer and real Lean kernel gate for order.lt_add_of_sub_lt
order.max_absorb_min_left	ExtremaBuiltinRule::MaxAbsorbMinLeft	mapped_not_kernel_checked	Codex	2	src/verification/builtin_rules/native_integer_extrema.rs:594;src/verification/builtin_rules/native_integer_extrema.rs:597	2	src/stmt_result_to_lean_compiler/compiler/fact_proof_replay/extrema.rs:283;src/stmt_result_to_lean_compiler/compiler/fact_proof_replay/extrema.rs:347			attach a positive tracer and real Lean kernel gate for order.max_absorb_min_left
order.max_associative	ExtremaBuiltinRule::MaxAssociative	mapped_not_kernel_checked	Codex	1	src/verification/builtin_rules/native_integer_extrema.rs:599	2	src/stmt_result_to_lean_compiler/compiler/fact_proof_replay/extrema.rs:281;src/stmt_result_to_lean_compiler/compiler/fact_proof_replay/extrema.rs:390			attach a positive tracer and real Lean kernel gate for order.max_associative
order.max_commutative	ExtremaBuiltinRule::MaxCommutative	mapped_not_kernel_checked	Codex	1	src/verification/builtin_rules/native_integer_extrema.rs:590	2	src/stmt_result_to_lean_compiler/compiler/fact_proof_replay/extrema.rs:280;src/stmt_result_to_lean_compiler/compiler/fact_proof_replay/extrema.rs:303			attach a positive tracer and real Lean kernel gate for order.max_commutative
order.max_eq_left_of_le	ExtremaBuiltinRule::MaxEqLeftOfLessEqual	mapped_not_kernel_checked	Codex	1	src/verification/builtin_rules/native_integer_extrema.rs:142	3	src/stmt_result_to_lean_compiler/compiler/fact_proof_replay/extrema.rs:146;src/stmt_result_to_lean_compiler/compiler/fact_proof_replay/extrema.rs:167;src/stmt_result_to_lean_compiler/compiler/fact_proof_replay/extrema.rs:182			attach a positive tracer and real Lean kernel gate for order.max_eq_left_of_le
order.max_eq_right_of_le	ExtremaBuiltinRule::MaxEqRightOfLessEqual	mapped_not_kernel_checked	Codex	1	src/verification/builtin_rules/native_integer_extrema.rs:143	3	src/stmt_result_to_lean_compiler/compiler/fact_proof_replay/extrema.rs:147;src/stmt_result_to_lean_compiler/compiler/fact_proof_replay/extrema.rs:168;src/stmt_result_to_lean_compiler/compiler/fact_proof_replay/extrema.rs:185			attach a positive tracer and real Lean kernel gate for order.max_eq_right_of_le
order.max_idempotent	ExtremaBuiltinRule::MaxIdempotent	mapped_not_kernel_checked	Codex	1	src/verification/builtin_rules/native_integer_extrema.rs:584	2	src/stmt_result_to_lean_compiler/compiler/fact_proof_replay/extrema.rs:282;src/stmt_result_to_lean_compiler/compiler/fact_proof_replay/extrema.rs:324			attach a positive tracer and real Lean kernel gate for order.max_idempotent
order.max_monotone	ExtremaBuiltinRule::MaxMonotone	mapped_not_kernel_checked	Codex	1	src/verification/builtin_rules/native_integer_extrema.rs:329	2	src/stmt_result_to_lean_compiler/compiler/fact_proof_replay/extrema.rs:227;src/stmt_result_to_lean_compiler/compiler/fact_proof_replay/extrema.rs:243			attach a positive tracer and real Lean kernel gate for order.max_monotone
order.min_absorb_max_left	ExtremaBuiltinRule::MinAbsorbMaxLeft	mapped_not_kernel_checked	Codex	2	src/verification/builtin_rules/native_integer_extrema.rs:573;src/verification/builtin_rules/native_integer_extrema.rs:576	2	src/stmt_result_to_lean_compiler/compiler/fact_proof_replay/extrema.rs:279;src/stmt_result_to_lean_compiler/compiler/fact_proof_replay/extrema.rs:333			attach a positive tracer and real Lean kernel gate for order.min_absorb_max_left
order.min_associative	ExtremaBuiltinRule::MinAssociative	mapped_not_kernel_checked	Codex	1	src/verification/builtin_rules/native_integer_extrema.rs:578	2	src/stmt_result_to_lean_compiler/compiler/fact_proof_replay/extrema.rs:277;src/stmt_result_to_lean_compiler/compiler/fact_proof_replay/extrema.rs:361			attach a positive tracer and real Lean kernel gate for order.min_associative
order.min_commutative	ExtremaBuiltinRule::MinCommutative	mapped_not_kernel_checked	Codex	1	src/verification/builtin_rules/native_integer_extrema.rs:569	2	src/stmt_result_to_lean_compiler/compiler/fact_proof_replay/extrema.rs:276;src/stmt_result_to_lean_compiler/compiler/fact_proof_replay/extrema.rs:291			attach a positive tracer and real Lean kernel gate for order.min_commutative
order.min_eq_left_of_le	ExtremaBuiltinRule::MinEqLeftOfLessEqual	mapped_not_kernel_checked	Codex	1	src/verification/builtin_rules/native_integer_extrema.rs:140	3	src/stmt_result_to_lean_compiler/compiler/fact_proof_replay/extrema.rs:144;src/stmt_result_to_lean_compiler/compiler/fact_proof_replay/extrema.rs:158;src/stmt_result_to_lean_compiler/compiler/fact_proof_replay/extrema.rs:176			attach a positive tracer and real Lean kernel gate for order.min_eq_left_of_le
order.min_eq_right_of_le	ExtremaBuiltinRule::MinEqRightOfLessEqual	mapped_not_kernel_checked	Codex	1	src/verification/builtin_rules/native_integer_extrema.rs:141	3	src/stmt_result_to_lean_compiler/compiler/fact_proof_replay/extrema.rs:145;src/stmt_result_to_lean_compiler/compiler/fact_proof_replay/extrema.rs:159;src/stmt_result_to_lean_compiler/compiler/fact_proof_replay/extrema.rs:179			attach a positive tracer and real Lean kernel gate for order.min_eq_right_of_le
order.min_idempotent	ExtremaBuiltinRule::MinIdempotent	mapped_not_kernel_checked	Codex	1	src/verification/builtin_rules/native_integer_extrema.rs:563	2	src/stmt_result_to_lean_compiler/compiler/fact_proof_replay/extrema.rs:278;src/stmt_result_to_lean_compiler/compiler/fact_proof_replay/extrema.rs:315			attach a positive tracer and real Lean kernel gate for order.min_idempotent
order.min_le_left	ExtremaBuiltinRule::MinLessEqualLeft	mapped_not_kernel_checked	Codex	1	src/verification/builtin_rules/native_integer_extrema.rs:489	4	src/stmt_result_to_lean_compiler/compiler/fact_proof_replay/extrema.rs:76;src/stmt_result_to_lean_compiler/compiler/fact_proof_replay/extrema.rs:91;src/stmt_result_to_lean_compiler/compiler/fact_proof_replay/extrema.rs:96;src/stmt_result_to_lean_compiler/compiler/fact_proof_replay/extrema.rs:129			attach a positive tracer and real Lean kernel gate for order.min_le_left
order.min_le_right	ExtremaBuiltinRule::MinLessEqualRight	mapped_not_kernel_checked	Codex	1	src/verification/builtin_rules/native_integer_extrema.rs:492	3	src/stmt_result_to_lean_compiler/compiler/fact_proof_replay/extrema.rs:77;src/stmt_result_to_lean_compiler/compiler/fact_proof_replay/extrema.rs:92;src/stmt_result_to_lean_compiler/compiler/fact_proof_replay/extrema.rs:129			attach a positive tracer and real Lean kernel gate for order.min_le_right
order.min_monotone	ExtremaBuiltinRule::MinMonotone	mapped_not_kernel_checked	Codex	1	src/verification/builtin_rules/native_integer_extrema.rs:311	2	src/stmt_result_to_lean_compiler/compiler/fact_proof_replay/extrema.rs:227;src/stmt_result_to_lean_compiler/compiler/fact_proof_replay/extrema.rs:236			attach a positive tracer and real Lean kernel gate for order.min_monotone
order.mul_le_mul_nonnegative	ArithmeticBuiltinRule::MulComponentwiseLessEqual	mapped_not_kernel_checked	Codex	1	src/verification/builtin_strategies/numeric_sign.rs:793	3	src/stmt_result_to_lean_compiler/compiler/builtin_evidence_compilation.rs:1359;src/stmt_result_to_lean_compiler/compiler/builtin_evidence_compilation.rs:1367;src/stmt_result_to_lean_compiler/compiler/builtin_evidence_compilation.rs:1572			attach a positive tracer and real Lean kernel gate for order.mul_le_mul_nonnegative
order.mul_le_mul_of_nonnegative_common_factor	ArithmeticBuiltinRule::MulCommonFactorLessEqualNonnegative	mapped_not_kernel_checked	Codex	1	src/verification/builtin_rules/order_algebra_builtin.rs:1015	3	src/stmt_result_to_lean_compiler/compiler/builtin_evidence_compilation.rs:1354;src/stmt_result_to_lean_compiler/compiler/builtin_evidence_compilation.rs:1637;src/stmt_result_to_lean_compiler/compiler/builtin_evidence_compilation.rs:1728			attach a positive tracer and real Lean kernel gate for order.mul_le_mul_of_nonnegative_common_factor
order.mul_le_mul_of_nonpositive_common_factor	ArithmeticBuiltinRule::MulCommonFactorLessEqualNonpositive	mapped_not_kernel_checked	Codex	1	src/verification/builtin_rules/order_algebra_builtin.rs:1023	4	src/stmt_result_to_lean_compiler/compiler/builtin_evidence_compilation.rs:1355;src/stmt_result_to_lean_compiler/compiler/builtin_evidence_compilation.rs:1638;src/stmt_result_to_lean_compiler/compiler/builtin_evidence_compilation.rs:1676;src/stmt_result_to_lean_compiler/compiler/builtin_evidence_compilation.rs:1731			attach a positive tracer and real Lean kernel gate for order.mul_le_mul_of_nonpositive_common_factor
order.mul_lt_mul_of_negative_common_factor	ArithmeticBuiltinRule::MulCommonFactorLessNegative	mapped_not_kernel_checked	Codex	1	src/verification/builtin_rules/order_algebra_builtin.rs:1077	5	src/stmt_result_to_lean_compiler/compiler/builtin_evidence_compilation.rs:1357;src/stmt_result_to_lean_compiler/compiler/builtin_evidence_compilation.rs:1640;src/stmt_result_to_lean_compiler/compiler/builtin_evidence_compilation.rs:1672;src/stmt_result_to_lean_compiler/compiler/builtin_evidence_compilation.rs:1677;src/stmt_result_to_lean_compiler/compiler/builtin_evidence_compilation.rs:1735			attach a positive tracer and real Lean kernel gate for order.mul_lt_mul_of_negative_common_factor
order.mul_lt_mul_of_positive_common_factor	ArithmeticBuiltinRule::MulCommonFactorLessPositive	mapped_not_kernel_checked	Codex	1	src/verification/builtin_rules/order_algebra_builtin.rs:1069	4	src/stmt_result_to_lean_compiler/compiler/builtin_evidence_compilation.rs:1356;src/stmt_result_to_lean_compiler/compiler/builtin_evidence_compilation.rs:1639;src/stmt_result_to_lean_compiler/compiler/builtin_evidence_compilation.rs:1671;src/stmt_result_to_lean_compiler/compiler/builtin_evidence_compilation.rs:1734			attach a positive tracer and real Lean kernel gate for order.mul_lt_mul_of_positive_common_factor
order.mul_nonnegative	ArithmeticBuiltinRule::MulNonnegative	mapped_not_kernel_checked	Codex	2	src/verification/builtin_rules/number_compare/multiplicative_sign.rs:53;src/verification/builtin_strategies/numeric_sign.rs:867	1	src/stmt_result_to_lean_compiler/compiler/builtin_evidence_compilation.rs:1326			attach a positive tracer and real Lean kernel gate for order.mul_nonnegative
order.mul_positive	ArithmeticBuiltinRule::MulPositive	mapped_not_kernel_checked	Codex	2	src/verification/builtin_rules/number_compare/multiplicative_sign.rs:106;src/verification/builtin_strategies/numeric_sign.rs:930	1	src/stmt_result_to_lean_compiler/compiler/builtin_evidence_compilation.rs:1329			attach a positive tracer and real Lean kernel gate for order.mul_positive
order.neg_abs_le	AbsoluteValueBuiltinRule::NegativeAbsoluteLessEqual	mapped_not_kernel_checked	Codex	1	src/verification/builtin_rules/abs_order_builtin.rs:261	3	src/stmt_result_to_lean_compiler/compiler/fact_proof_replay/absolute_value.rs:115;src/stmt_result_to_lean_compiler/compiler/fact_proof_replay/absolute_value.rs:180;src/stmt_result_to_lean_compiler/compiler/fact_proof_replay/absolute_value.rs:462			attach a positive tracer and real Lean kernel gate for order.neg_abs_le
order.neg_le_abs	AbsoluteValueBuiltinRule::NegationLessEqual	mapped_not_kernel_checked	Codex	1	src/verification/builtin_rules/abs_order_builtin.rs:236	3	src/stmt_result_to_lean_compiler/compiler/fact_proof_replay/absolute_value.rs:114;src/stmt_result_to_lean_compiler/compiler/fact_proof_replay/absolute_value.rs:174;src/stmt_result_to_lean_compiler/compiler/fact_proof_replay/absolute_value.rs:461			attach a positive tracer and real Lean kernel gate for order.neg_le_abs
order.negate	ArithmeticBuiltinRule::NegateOrder	mapped_not_kernel_checked	Codex	1	src/verification/builtin_rules/number_compare/order_equivalences.rs:19	2	src/stmt_result_to_lean_compiler/compiler/builtin_evidence_compilation.rs:1352;src/stmt_result_to_lean_compiler/compiler/builtin_evidence_compilation.rs:1463			attach a positive tracer and real Lean kernel gate for order.negate
order.reflexivity	BuiltinRuleEvidence::OrderReflexivity	mapped_not_kernel_checked	Codex	1	src/verification/builtin_rules/number_compare/numeric_dispatch.rs:415	3	src/stmt_result_to_lean_compiler/compiler/fact_proof_dispatch.rs:549;src/stmt_result_to_lean_compiler/compiler/fact_proof_replay/proof_composition.rs:575;src/stmt_result_to_lean_compiler/compiler/validation/direct_compilation_audit.rs:145			attach a positive tracer and real Lean kernel gate for order.reflexivity
order.runtime_resolved_numeric_comparison	BuiltinRuleEvidence::RuntimeResolvedNumericComparison	mapped_not_kernel_checked	Codex	3	src/verification/builtin_rules/not_equal_builtin.rs:284;src/verification/builtin_rules/number_compare/numeric_dispatch.rs:450;src/verification/builtin_rules/number_compare/numeric_dispatch.rs:463	3	src/stmt_result_to_lean_compiler/compiler/fact_proof_dispatch.rs:556;src/stmt_result_to_lean_compiler/compiler/fact_proof_replay/proof_composition.rs:582;src/stmt_result_to_lean_compiler/compiler/validation/direct_compilation_audit.rs:146			attach a positive tracer and real Lean kernel gate for order.runtime_resolved_numeric_comparison
order.self_le_abs	AbsoluteValueBuiltinRule::SelfLessEqual	mapped_not_kernel_checked	Codex	1	src/verification/builtin_rules/abs_order_builtin.rs:234	3	src/stmt_result_to_lean_compiler/compiler/fact_proof_replay/absolute_value.rs:113;src/stmt_result_to_lean_compiler/compiler/fact_proof_replay/absolute_value.rs:168;src/stmt_result_to_lean_compiler/compiler/fact_proof_replay/absolute_value.rs:460			attach a positive tracer and real Lean kernel gate for order.self_le_abs
order.sub_le_of_le_add	ArithmeticBuiltinRule::LessEqualAddImpliesSubLessEqual	mapped_not_kernel_checked	Codex	1	src/verification/builtin_rules/order_algebra_builtin.rs:1815	2	src/stmt_result_to_lean_compiler/compiler/builtin_evidence_compilation.rs:1351;src/stmt_result_to_lean_compiler/compiler/builtin_evidence_compilation.rs:1511			attach a positive tracer and real Lean kernel gate for order.sub_le_of_le_add
order.sub_le_of_le_of_nonnegative	ArithmeticBuiltinRule::SubRightNonnegativeLessEqual	mapped_not_kernel_checked	Codex	1	src/verification/builtin_rules/order_algebra_builtin.rs:1793	2	src/stmt_result_to_lean_compiler/compiler/builtin_evidence_compilation.rs:1365;src/stmt_result_to_lean_compiler/compiler/builtin_evidence_compilation.rs:2000			attach a positive tracer and real Lean kernel gate for order.sub_le_of_le_of_nonnegative
order.sub_le_sub	ArithmeticBuiltinRule::SubComponentwiseLessEqual	mapped_not_kernel_checked	Codex	1	src/verification/builtin_rules/order_algebra_builtin.rs:2113	2	src/stmt_result_to_lean_compiler/compiler/builtin_evidence_compilation.rs:1364;src/stmt_result_to_lean_compiler/compiler/builtin_evidence_compilation.rs:1765			attach a positive tracer and real Lean kernel gate for order.sub_le_sub
order.sub_le_swap	ArithmeticBuiltinRule::SubLessEqualSwap	mapped_not_kernel_checked	Codex	1	src/verification/builtin_rules/order_algebra_builtin.rs:1771	3	src/stmt_result_to_lean_compiler/compiler/builtin_evidence_compilation.rs:1350;src/stmt_result_to_lean_compiler/compiler/builtin_evidence_compilation.rs:1510;src/stmt_result_to_lean_compiler/compiler/builtin_evidence_compilation.rs:1525			attach a positive tracer and real Lean kernel gate for order.sub_le_swap
order.sub_lt_sub_of_le_of_lt	ArithmeticBuiltinRule::SubComponentwiseLessEqualLess	mapped_not_kernel_checked	Codex	1	src/verification/builtin_rules/order_algebra_builtin.rs:2419	3	src/stmt_result_to_lean_compiler/compiler/builtin_evidence_compilation.rs:1363;src/stmt_result_to_lean_compiler/compiler/builtin_evidence_compilation.rs:1764;src/stmt_result_to_lean_compiler/compiler/builtin_evidence_compilation.rs:1780			attach a positive tracer and real Lean kernel gate for order.sub_lt_sub_of_le_of_lt
order.sub_lt_swap	ArithmeticBuiltinRule::SubLessSwap	mapped_not_kernel_checked	Codex	1	src/verification/builtin_rules/order_algebra_builtin.rs:2470	2	src/stmt_result_to_lean_compiler/compiler/builtin_evidence_compilation.rs:1349;src/stmt_result_to_lean_compiler/compiler/builtin_evidence_compilation.rs:1896			attach a positive tracer and real Lean kernel gate for order.sub_lt_swap
order.sub_nonnegative_of_less_equal	ArithmeticBuiltinRule::SubNonnegativeFromLessEqual	mapped_not_kernel_checked	Codex	1	src/verification/builtin_rules/number_compare/subtraction_order.rs:148	2	src/stmt_result_to_lean_compiler/compiler/builtin_evidence_compilation.rs:1346;src/stmt_result_to_lean_compiler/compiler/builtin_evidence_compilation.rs:1811			attach a positive tracer and real Lean kernel gate for order.sub_nonnegative_of_less_equal
order.sub_positive_of_less	ArithmeticBuiltinRule::SubPositiveFromLess	mapped_not_kernel_checked	Codex	1	src/verification/builtin_rules/number_compare/subtraction_order.rs:175	3	src/stmt_result_to_lean_compiler/compiler/builtin_evidence_compilation.rs:1347;src/stmt_result_to_lean_compiler/compiler/builtin_evidence_compilation.rs:1812;src/stmt_result_to_lean_compiler/compiler/builtin_evidence_compilation.rs:1817			attach a positive tracer and real Lean kernel gate for order.sub_positive_of_less
order.transitivity	ArithmeticBuiltinRule::OrderTransitivity	mapped_not_kernel_checked	Codex	1	src/verification/builtin_rules/order_semantics_builtin.rs:253	1	src/stmt_result_to_lean_compiler/compiler/builtin_evidence_compilation.rs:1310			attach a positive tracer and real Lean kernel gate for order.transitivity
predicate.registered_antisymmetric	BuiltinRuleEvidence::RegisteredAntisymmetricPredicate	mapped_not_kernel_checked	Codex	1	src/verification/builtin_rules/equality_dispatch/registered_antisymmetry.rs:72	3	src/stmt_result_to_lean_compiler/compiler/fact_proof_dispatch.rs:311;src/stmt_result_to_lean_compiler/compiler/fact_proof_replay/proof_composition.rs:413;src/stmt_result_to_lean_compiler/compiler/validation/direct_compilation_audit.rs:149			attach a positive tracer and real Lean kernel gate for predicate.registered_antisymmetric
predicate.registered_reflexive	BuiltinRuleEvidence::RegisteredReflexivePredicate	mapped_not_kernel_checked	Codex	1	src/verification/atomic/non_equational.rs:281	3	src/stmt_result_to_lean_compiler/compiler/fact_proof_dispatch.rs:286;src/stmt_result_to_lean_compiler/compiler/fact_proof_replay/proof_composition.rs:387;src/stmt_result_to_lean_compiler/compiler/validation/direct_compilation_audit.rs:147			attach a positive tracer and real Lean kernel gate for predicate.registered_reflexive
predicate.registered_symmetric	BuiltinRuleEvidence::RegisteredSymmetricPredicate	mapped_not_kernel_checked	Codex	1	src/verification/atomic/non_equational.rs:363	3	src/stmt_result_to_lean_compiler/compiler/fact_proof_dispatch.rs:302;src/stmt_result_to_lean_compiler/compiler/fact_proof_replay/proof_composition.rs:404;src/stmt_result_to_lean_compiler/compiler/validation/direct_compilation_audit.rs:148			attach a positive tracer and real Lean kernel gate for predicate.registered_symmetric
set.empty_subset	SetBuiltinRule::EmptySubset	mapped_not_kernel_checked	Codex	1	src/verification/builtin_rules/set_relation_duality.rs:285	1	src/stmt_result_to_lean_compiler/compiler/fact_proof_replay/set_builtin_rules.rs:26			attach a positive tracer and real Lean kernel gate for set.empty_subset
set.finite.closed_range	FiniteSetBuiltinRule::ClosedRange	mapped_not_kernel_checked	Codex	1	src/verification/builtin_rules/type_predicates_builtin.rs:673	1	src/stmt_result_to_lean_compiler/compiler/builtin_evidence_compilation.rs:628			attach a positive tracer and real Lean kernel gate for set.finite.closed_range
set.finite.literal	FiniteSetBuiltinRule::ListSet	mapped_not_kernel_checked	Codex	1	src/verification/builtin_rules/type_predicates_builtin.rs:664	1	src/stmt_result_to_lean_compiler/compiler/builtin_evidence_compilation.rs:631			attach a positive tracer and real Lean kernel gate for set.finite.literal
set.finite.range	FiniteSetBuiltinRule::Range	mapped_not_kernel_checked	Codex	1	src/verification/builtin_rules/type_predicates_builtin.rs:682	1	src/stmt_result_to_lean_compiler/compiler/builtin_evidence_compilation.rs:625			attach a positive tracer and real Lean kernel gate for set.finite.range
set.intersect_associative	SetBuiltinRule::IntersectAssociative	mapped_not_kernel_checked	Codex	1	src/verification/builtin_rules/equality_dispatch/set_operations.rs:118	1	src/stmt_result_to_lean_compiler/compiler/fact_proof_replay/set_builtin_rules.rs:48			attach a positive tracer and real Lean kernel gate for set.intersect_associative
set.intersect_commutative	SetBuiltinRule::IntersectCommutative	mapped_not_kernel_checked	Codex	1	src/verification/builtin_rules/equality_dispatch/set_operations.rs:106	1	src/stmt_result_to_lean_compiler/compiler/fact_proof_replay/set_builtin_rules.rs:45			attach a positive tracer and real Lean kernel gate for set.intersect_commutative
set.intersect_eq_left_of_subset	SetBuiltinRule::IntersectEqLeftOfSubset	mapped_not_kernel_checked	Codex	1	src/verification/builtin_rules/equality_dispatch/literal_set_intersections.rs:41	1	src/stmt_result_to_lean_compiler/compiler/fact_proof_replay/set_builtin_rules.rs:54			attach a positive tracer and real Lean kernel gate for set.intersect_eq_left_of_subset
set.intersect_eq_right_of_subset	SetBuiltinRule::IntersectEqRightOfSubset	mapped_not_kernel_checked	Codex	1	src/verification/builtin_rules/equality_dispatch/literal_set_intersections.rs:35	1	src/stmt_result_to_lean_compiler/compiler/fact_proof_replay/set_builtin_rules.rs:57			attach a positive tracer and real Lean kernel gate for set.intersect_eq_right_of_subset
set.intersect_finite	SetBuiltinRule::IntersectFinite	mapped_not_kernel_checked	Codex	1	src/verification/builtin_rules/type_predicates_builtin.rs:802	1	src/stmt_result_to_lean_compiler/compiler/fact_proof_replay/set_builtin_rules.rs:60			attach a positive tracer and real Lean kernel gate for set.intersect_finite
set.intersect_idempotent	SetBuiltinRule::IntersectIdempotent	mapped_not_kernel_checked	Codex	1	src/verification/builtin_rules/equality_dispatch/set_operations.rs:142	1	src/stmt_result_to_lean_compiler/compiler/fact_proof_replay/set_builtin_rules.rs:51			attach a positive tracer and real Lean kernel gate for set.intersect_idempotent
set.intersect_membership	SetBuiltinRule::IntersectMembershipBoth	mapped_not_kernel_checked	Codex	1	src/verification/builtin_rules/in_fact_builtin/set_membership.rs:456	2	src/stmt_result_to_lean_compiler/compiler/fact_proof_replay/set_builtin_rules.rs:113;src/stmt_result_to_lean_compiler/compiler/proof_rendering/standard_set_projection.rs:116			attach a positive tracer and real Lean kernel gate for set.intersect_membership
set.intersect_nonmembership_left	SetBuiltinRule::IntersectNonMembershipLeft	mapped_not_kernel_checked	Codex	1	src/verification/builtin_rules/in_fact_builtin/set_membership.rs:513	2	src/stmt_result_to_lean_compiler/compiler/proof_rendering/standard_set_projection.rs:139;src/stmt_result_to_lean_compiler/compiler/proof_rendering/standard_set_projection.rs:149			attach a positive tracer and real Lean kernel gate for set.intersect_nonmembership_left
set.intersect_nonmembership_right	SetBuiltinRule::IntersectNonMembershipRight	mapped_not_kernel_checked	Codex	1	src/verification/builtin_rules/in_fact_builtin/set_membership.rs:515	1	src/stmt_result_to_lean_compiler/compiler/proof_rendering/standard_set_projection.rs:140			attach a positive tracer and real Lean kernel gate for set.intersect_nonmembership_right
set.intersect_set_minus_of_subset_empty	SetBuiltinRule::IntersectSetMinusDisjointFromSubset	mapped_not_kernel_checked	Codex	1	src/verification/builtin_rules/equality_dispatch/set_operations.rs:171	1	src/stmt_result_to_lean_compiler/compiler/fact_proof_replay/set_builtin_rules.rs:73			attach a positive tracer and real Lean kernel gate for set.intersect_set_minus_of_subset_empty
set.intersect_set_minus_self_empty	SetBuiltinRule::IntersectSetMinusSelfEmpty	mapped_not_kernel_checked	Codex	1	src/verification/builtin_rules/equality_dispatch/set_operations.rs:154	1	src/stmt_result_to_lean_compiler/compiler/fact_proof_replay/set_builtin_rules.rs:70			attach a positive tracer and real Lean kernel gate for set.intersect_set_minus_self_empty
set.intersect_subset_left	SetBuiltinRule::IntersectSubsetLeft	mapped_not_kernel_checked	Codex	1	src/verification/builtin_rules/set_relation_duality.rs:22	1	src/stmt_result_to_lean_compiler/compiler/fact_proof_replay/set_builtin_rules.rs:61			attach a positive tracer and real Lean kernel gate for set.intersect_subset_left
set.intersect_subset_right	SetBuiltinRule::IntersectSubsetRight	mapped_not_kernel_checked	Codex	1	src/verification/builtin_rules/set_relation_duality.rs:27	1	src/stmt_result_to_lean_compiler/compiler/fact_proof_replay/set_builtin_rules.rs:64			attach a positive tracer and real Lean kernel gate for set.intersect_subset_right
set.intersect_union_distributive	SetBuiltinRule::IntersectUnionDistributive	mapped_not_kernel_checked	Codex	1	src/verification/builtin_rules/equality_dispatch/set_operations.rs:130	1	src/stmt_result_to_lean_compiler/compiler/fact_proof_replay/set_builtin_rules.rs:67			attach a positive tracer and real Lean kernel gate for set.intersect_union_distributive
set.literal_membership	BuiltinRuleEvidence::ListSetMembership	mapped_not_kernel_checked	Codex	1	src/verification/builtin_rules/in_fact_builtin/structured_membership.rs:256	3	src/stmt_result_to_lean_compiler/compiler/fact_proof_dispatch.rs:27;src/stmt_result_to_lean_compiler/compiler/fact_proof_replay/proof_composition.rs:128;src/stmt_result_to_lean_compiler/compiler/validation/direct_compilation_audit.rs:180			attach a positive tracer and real Lean kernel gate for set.literal_membership
set.literal_nonempty	BuiltinRuleEvidence::LiteralSetNonempty	mapped_not_kernel_checked	Codex	1	src/verification/builtin_rules/type_predicates_builtin.rs:92	3	src/stmt_result_to_lean_compiler/compiler/fact_proof_dispatch.rs:38;src/stmt_result_to_lean_compiler/compiler/fact_proof_replay/proof_composition.rs:139;src/stmt_result_to_lean_compiler/compiler/validation/direct_compilation_audit.rs:161			attach a positive tracer and real Lean kernel gate for set.literal_nonempty
set.literal_subset	BuiltinRuleEvidence::LiteralSetSubset	mapped_not_kernel_checked	Codex	1	src/verification/builtin_rules/set_relation_duality.rs:287	3	src/stmt_result_to_lean_compiler/compiler/fact_proof_dispatch.rs:47;src/stmt_result_to_lean_compiler/compiler/fact_proof_replay/proof_composition.rs:148;src/stmt_result_to_lean_compiler/compiler/validation/direct_compilation_audit.rs:186			attach a positive tracer and real Lean kernel gate for set.literal_subset
set.not_subset_from_not_superset	SetRelationDualityBuiltinRule::NotSubsetFromNotSuperset	mapped_not_kernel_checked	Codex	1	src/verification/builtin_rules/set_relation_duality.rs:649	2	src/stmt_result_to_lean_compiler/compiler/fact_proof_replay/set_relation_duality.rs:31;src/stmt_result_to_lean_compiler/compiler/fact_proof_replay/set_relation_duality.rs:37			attach a positive tracer and real Lean kernel gate for set.not_subset_from_not_superset
set.not_superset_from_not_subset	SetRelationDualityBuiltinRule::NotSupersetFromNotSubset	mapped_not_kernel_checked	Codex	1	src/verification/builtin_rules/set_relation_duality.rs:681	2	src/stmt_result_to_lean_compiler/compiler/fact_proof_replay/set_relation_duality.rs:33;src/stmt_result_to_lean_compiler/compiler/fact_proof_replay/set_relation_duality.rs:38			attach a positive tracer and real Lean kernel gate for set.not_superset_from_not_subset
set.power_set_finite	SetBuiltinRule::PowerSetFinite	mapped_not_kernel_checked	Codex	1	src/verification/builtin_rules/type_predicates_builtin.rs:850	1	src/stmt_result_to_lean_compiler/compiler/fact_proof_replay/set_builtin_rules.rs:76			attach a positive tracer and real Lean kernel gate for set.power_set_finite
set.power_set_membership_of_subset	SetBuiltinRule::PowerSetMembershipOfSubset	mapped_not_kernel_checked	Codex	1	src/verification/builtin_rules/in_fact_builtin/set_membership.rs:1315	1	src/stmt_result_to_lean_compiler/compiler/fact_proof_replay/set_builtin_rules.rs:77			attach a positive tracer and real Lean kernel gate for set.power_set_membership_of_subset
set.power_set_nonempty	SetBuiltinRule::PowerSetNonempty	mapped_not_kernel_checked	Codex	1	src/verification/builtin_rules/type_predicates_builtin.rs:104	1	src/stmt_result_to_lean_compiler/compiler/fact_proof_replay/set_builtin_rules.rs:80			attach a positive tracer and real Lean kernel gate for set.power_set_nonempty
set.real_interval_subset_real	BuiltinRuleEvidence::RealIntervalSubsetReal	mapped_not_kernel_checked	Codex	1	src/verification/builtin_rules/set_relation_duality.rs:486	3	src/stmt_result_to_lean_compiler/compiler/fact_proof_dispatch.rs:153;src/stmt_result_to_lean_compiler/compiler/fact_proof_replay/proof_composition.rs:281;src/stmt_result_to_lean_compiler/compiler/validation/direct_compilation_audit.rs:138			attach a positive tracer and real Lean kernel gate for set.real_interval_subset_real
set.set_builder_in_power_set_via_param_subset	BuiltinRuleEvidence::SetBuilderInPowerSetViaParamSubset	mapped_not_kernel_checked	Codex	1	src/verification/builtin_rules/in_fact_builtin/structured_membership.rs:184	4	src/stmt_result_to_lean_compiler/compiler/fact_proof_dispatch.rs:65;src/stmt_result_to_lean_compiler/compiler/fact_proof_replay/proof_composition.rs:166;src/stmt_result_to_lean_compiler/compiler/theorem_compilation/local_definition_steps.rs:289;src/stmt_result_to_lean_compiler/compiler/validation/direct_compilation_audit.rs:163			attach a positive tracer and real Lean kernel gate for set.set_builder_in_power_set_via_param_subset
set.set_builder_membership	BuiltinRuleEvidence::SetBuilderMembership	mapped_not_kernel_checked	Codex	2	src/verification/builtin_rules/in_fact_builtin/set_membership.rs:1435;src/verification/builtin_strategies/set_membership.rs:247	4	src/stmt_result_to_lean_compiler/compiler/fact_proof_dispatch.rs:115;src/stmt_result_to_lean_compiler/compiler/fact_proof_replay/function_membership.rs:19;src/stmt_result_to_lean_compiler/compiler/fact_proof_replay/proof_composition.rs:216;src/stmt_result_to_lean_compiler/compiler/validation/direct_compilation_audit.rs:134			attach a positive tracer and real Lean kernel gate for set.set_builder_membership
set.set_builder_subset_base	BuiltinRuleEvidence::SetBuilderSubsetBase	mapped_not_kernel_checked	Codex	1	src/verification/builtin_rules/set_relation_duality.rs:256	3	src/stmt_result_to_lean_compiler/compiler/fact_proof_dispatch.rs:56;src/stmt_result_to_lean_compiler/compiler/fact_proof_replay/proof_composition.rs:157;src/stmt_result_to_lean_compiler/compiler/validation/direct_compilation_audit.rs:162			attach a positive tracer and real Lean kernel gate for set.set_builder_subset_base
set.set_minus_empty_left	SetBuiltinRule::SetMinusEmptyLeft	mapped_not_kernel_checked	Codex	1	src/verification/builtin_rules/equality_dispatch/set_operations.rs:220	1	src/stmt_result_to_lean_compiler/compiler/fact_proof_replay/set_builtin_rules.rs:83			attach a positive tracer and real Lean kernel gate for set.set_minus_empty_left
set.set_minus_empty_right	SetBuiltinRule::SetMinusEmptyRight	mapped_not_kernel_checked	Codex	1	src/verification/builtin_rules/equality_dispatch/set_operations.rs:208	1	src/stmt_result_to_lean_compiler/compiler/fact_proof_replay/set_builtin_rules.rs:82			attach a positive tracer and real Lean kernel gate for set.set_minus_empty_right
set.set_minus_finite_left	SetBuiltinRule::SetMinusFiniteLeft	mapped_not_kernel_checked	Codex	1	src/verification/builtin_rules/type_predicates_builtin.rs:826	1	src/stmt_result_to_lean_compiler/compiler/fact_proof_replay/set_builtin_rules.rs:84			attach a positive tracer and real Lean kernel gate for set.set_minus_finite_left
set.set_minus_infinite_of_infinite_finite	SetBuiltinRule::SetMinusInfiniteOfInfiniteFinite	abi_decision	user	1	src/verification/builtin_rules/type_predicates_builtin.rs:941	1	src/stmt_result_to_lean_compiler/compiler/fact_proof_replay/set_builtin_rules.rs:85	the Lean target ABI does not yet represent infinite-set facts	src/stmt_result_to_lean_compiler/compiler/fact_proof_replay/set_builtin_rules.rs:85	freeze the Lean representation contract before compiling set.set_minus_infinite_of_infinite_finite
set.set_minus_intersect_de_morgan	SetBuiltinRule::SetMinusIntersectDeMorgan	mapped_not_kernel_checked	Codex	1	src/verification/builtin_rules/equality_dispatch/set_operations.rs:257	1	src/stmt_result_to_lean_compiler/compiler/fact_proof_replay/set_builtin_rules.rs:91			attach a positive tracer and real Lean kernel gate for set.set_minus_intersect_de_morgan
set.set_minus_intersect_self	SetBuiltinRule::SetMinusIntersectSelf	mapped_not_kernel_checked	Codex	1	src/verification/builtin_rules/equality_dispatch/set_operations.rs:233	1	src/stmt_result_to_lean_compiler/compiler/fact_proof_replay/set_builtin_rules.rs:94			attach a positive tracer and real Lean kernel gate for set.set_minus_intersect_self
set.set_minus_membership	SetBuiltinRule::SetMinusMembership	mapped_not_kernel_checked	Codex	1	src/verification/builtin_rules/in_fact_builtin/set_membership.rs:575	2	src/stmt_result_to_lean_compiler/compiler/fact_proof_replay/set_builtin_rules.rs:116;src/stmt_result_to_lean_compiler/compiler/proof_rendering/standard_set_projection.rs:161			attach a positive tracer and real Lean kernel gate for set.set_minus_membership
set.set_minus_recover_subset	SetBuiltinRule::SetMinusRecoverSubset	mapped_not_kernel_checked	Codex	1	src/verification/builtin_rules/equality_dispatch/set_operations.rs:269	1	src/stmt_result_to_lean_compiler/compiler/fact_proof_replay/set_builtin_rules.rs:97			attach a positive tracer and real Lean kernel gate for set.set_minus_recover_subset
set.set_minus_self_empty	SetBuiltinRule::SetMinusSelfEmpty	mapped_not_kernel_checked	Codex	1	src/verification/builtin_rules/equality_dispatch/set_operations.rs:196	1	src/stmt_result_to_lean_compiler/compiler/fact_proof_replay/set_builtin_rules.rs:81			attach a positive tracer and real Lean kernel gate for set.set_minus_self_empty
set.set_minus_subset_left	SetBuiltinRule::SetMinusSubsetLeft	mapped_not_kernel_checked	Codex	1	src/verification/builtin_rules/set_relation_duality.rs:42	1	src/stmt_result_to_lean_compiler/compiler/fact_proof_replay/set_builtin_rules.rs:100			attach a positive tracer and real Lean kernel gate for set.set_minus_subset_left
set.set_minus_union_de_morgan	SetBuiltinRule::SetMinusUnionDeMorgan	mapped_not_kernel_checked	Codex	1	src/verification/builtin_rules/equality_dispatch/set_operations.rs:245	1	src/stmt_result_to_lean_compiler/compiler/fact_proof_replay/set_builtin_rules.rs:101			attach a positive tracer and real Lean kernel gate for set.set_minus_union_de_morgan
set.standard_nonempty	BuiltinRuleEvidence::StandardSetNonempty	mapped_not_kernel_checked	Codex	1	src/verification/builtin_rules/type_predicates_builtin.rs:75	4	src/stmt_result_to_lean_compiler/compiler/fact_proof_dispatch.rs:562;src/stmt_result_to_lean_compiler/compiler/fact_proof_replay/proof_composition.rs:607;src/stmt_result_to_lean_compiler/compiler/validation/direct_compilation_audit.rs:160;src/stmt_result_to_lean_compiler/compiler/validation/standard_set_nonempty.rs:29			attach a positive tracer and real Lean kernel gate for set.standard_nonempty
set.subset_eq_set_minus_recovery	SetBuiltinRule::SubsetEqSetMinusRecovery	mapped_not_kernel_checked	Codex	1	src/verification/builtin_rules/equality_dispatch/set_operations.rs:265	1	src/stmt_result_to_lean_compiler/compiler/fact_proof_replay/set_builtin_rules.rs:104			attach a positive tracer and real Lean kernel gate for set.subset_eq_set_minus_recovery
set.subset_from_superset	SetRelationDualityBuiltinRule::SubsetFromSuperset	mapped_not_kernel_checked	Codex	1	src/verification/builtin_rules/set_relation_duality.rs:553	1	src/stmt_result_to_lean_compiler/compiler/fact_proof_replay/set_relation_duality.rs:30			attach a positive tracer and real Lean kernel gate for set.subset_from_superset
set.subset_reflexivity	SetBuiltinRule::SubsetReflexivity	mapped_not_kernel_checked	Codex	2	src/verification/builtin_rules/set_relation_duality.rs:407;src/verification/builtin_rules/set_relation_duality.rs:512	4	src/stmt_result_to_lean_compiler/compiler/fact_proof_replay/set_builtin_rules.rs:14;src/stmt_result_to_lean_compiler/compiler/fact_proof_replay/set_builtin_rules.rs:21;src/stmt_result_to_lean_compiler/compiler/proof_rendering/standard_set_projection.rs:85;src/stmt_result_to_lean_compiler/compiler/proof_rendering/standard_set_projection.rs:91			attach a positive tracer and real Lean kernel gate for set.subset_reflexivity
set.subset_transitivity	SetBuiltinRule::SubsetTransitivity	compiler_gap	Codex	1	src/verification/builtin_rules/set_relation_duality.rs:465	0				add one positive Result-driven tracer and direct compiler consumer for set.subset_transitivity
set.subset_union_left	SetBuiltinRule::SubsetUnionLeft	mapped_not_kernel_checked	Codex	1	src/verification/builtin_rules/set_relation_duality.rs:32	1	src/stmt_result_to_lean_compiler/compiler/fact_proof_replay/set_builtin_rules.rs:27			attach a positive tracer and real Lean kernel gate for set.subset_union_left
set.subset_union_right	SetBuiltinRule::SubsetUnionRight	mapped_not_kernel_checked	Codex	1	src/verification/builtin_rules/set_relation_duality.rs:37	1	src/stmt_result_to_lean_compiler/compiler/fact_proof_replay/set_builtin_rules.rs:28			attach a positive tracer and real Lean kernel gate for set.subset_union_right
set.superset_from_subset	SetRelationDualityBuiltinRule::SupersetFromSubset	mapped_not_kernel_checked	Codex	1	src/verification/builtin_rules/set_relation_duality.rs:617	1	src/stmt_result_to_lean_compiler/compiler/fact_proof_replay/set_relation_duality.rs:32			attach a positive tracer and real Lean kernel gate for set.superset_from_subset
set.superset_reflexivity	SetBuiltinRule::SupersetReflexivity	mapped_not_kernel_checked	Codex	1	src/verification/builtin_rules/set_relation_duality.rs:597	2	src/stmt_result_to_lean_compiler/compiler/fact_proof_replay/set_builtin_rules.rs:14;src/stmt_result_to_lean_compiler/compiler/proof_rendering/standard_set_projection.rs:85			attach a positive tracer and real Lean kernel gate for set.superset_reflexivity
set.union_associative	SetBuiltinRule::UnionAssociative	mapped_not_kernel_checked	Codex	1	src/verification/builtin_rules/equality_dispatch/set_operations.rs:31	1	src/stmt_result_to_lean_compiler/compiler/fact_proof_replay/set_builtin_rules.rs:30			attach a positive tracer and real Lean kernel gate for set.union_associative
set.union_commutative	SetBuiltinRule::UnionCommutative	mapped_not_kernel_checked	Codex	1	src/verification/builtin_rules/equality_dispatch/set_operations.rs:20	1	src/stmt_result_to_lean_compiler/compiler/fact_proof_replay/set_builtin_rules.rs:29			attach a positive tracer and real Lean kernel gate for set.union_commutative
set.union_empty_left	SetBuiltinRule::UnionEmptyLeft	mapped_not_kernel_checked	Codex	1	src/verification/builtin_rules/equality_dispatch/set_operations.rs:648	1	src/stmt_result_to_lean_compiler/compiler/fact_proof_replay/set_builtin_rules.rs:32			attach a positive tracer and real Lean kernel gate for set.union_empty_left
set.union_empty_right	SetBuiltinRule::UnionEmptyRight	mapped_not_kernel_checked	Codex	1	src/verification/builtin_rules/equality_dispatch/set_operations.rs:652	1	src/stmt_result_to_lean_compiler/compiler/fact_proof_replay/set_builtin_rules.rs:32			attach a positive tracer and real Lean kernel gate for set.union_empty_right
set.union_eq_right_of_subset	SetBuiltinRule::UnionEqRightOfSubset	mapped_not_kernel_checked	Codex	1	src/verification/builtin_rules/equality_dispatch/set_operations.rs:84	1	src/stmt_result_to_lean_compiler/compiler/fact_proof_replay/set_builtin_rules.rs:38			attach a positive tracer and real Lean kernel gate for set.union_eq_right_of_subset
set.union_finite	SetBuiltinRule::UnionFinite	mapped_not_kernel_checked	Codex	1	src/verification/builtin_rules/type_predicates_builtin.rs:770	1	src/stmt_result_to_lean_compiler/compiler/fact_proof_replay/set_builtin_rules.rs:41			attach a positive tracer and real Lean kernel gate for set.union_finite
set.union_idempotent	SetBuiltinRule::UnionIdempotent	mapped_not_kernel_checked	Codex	1	src/verification/builtin_rules/equality_dispatch/set_operations.rs:41	1	src/stmt_result_to_lean_compiler/compiler/fact_proof_replay/set_builtin_rules.rs:31			attach a positive tracer and real Lean kernel gate for set.union_idempotent
set.union_membership_left	SetBuiltinRule::UnionMembershipLeft	mapped_not_kernel_checked	Codex	1	src/verification/builtin_rules/in_fact_builtin/set_membership.rs:394	3	src/stmt_result_to_lean_compiler/compiler/fact_proof_replay/set_builtin_rules.rs:107;src/stmt_result_to_lean_compiler/compiler/proof_rendering/standard_set_projection.rs:95;src/stmt_result_to_lean_compiler/compiler/proof_rendering/standard_set_projection.rs:104			attach a positive tracer and real Lean kernel gate for set.union_membership_left
set.union_membership_right	SetBuiltinRule::UnionMembershipRight	mapped_not_kernel_checked	Codex	1	src/verification/builtin_rules/in_fact_builtin/set_membership.rs:396	2	src/stmt_result_to_lean_compiler/compiler/fact_proof_replay/set_builtin_rules.rs:110;src/stmt_result_to_lean_compiler/compiler/proof_rendering/standard_set_projection.rs:95			attach a positive tracer and real Lean kernel gate for set.union_membership_right
set.union_nonempty_left	SetBuiltinRule::UnionNonemptyLeft	mapped_not_kernel_checked	Codex	1	src/verification/builtin_rules/type_predicates_builtin.rs:247	1	src/stmt_result_to_lean_compiler/compiler/fact_proof_replay/set_builtin_rules.rs:42			attach a positive tracer and real Lean kernel gate for set.union_nonempty_left
set.union_nonempty_right	SetBuiltinRule::UnionNonemptyRight	mapped_not_kernel_checked	Codex	1	src/verification/builtin_rules/type_predicates_builtin.rs:266	1	src/stmt_result_to_lean_compiler/compiler/fact_proof_replay/set_builtin_rules.rs:43			attach a positive tracer and real Lean kernel gate for set.union_nonempty_right
set.union_set_minus_decomposition	SetBuiltinRule::UnionSetMinusDecomposition	mapped_not_kernel_checked	Codex	1	src/verification/builtin_rules/equality_dispatch/set_operations.rs:67	1	src/stmt_result_to_lean_compiler/compiler/fact_proof_replay/set_builtin_rules.rs:35			attach a positive tracer and real Lean kernel gate for set.union_set_minus_decomposition
set.union_subset	SetBuiltinRule::UnionSubset	mapped_not_kernel_checked	Codex	1	src/verification/builtin_rules/set_relation_duality.rs:236	1	src/stmt_result_to_lean_compiler/compiler/fact_proof_replay/set_builtin_rules.rs:44			attach a positive tracer and real Lean kernel gate for set.union_subset
tuple.cartesian_membership	BuiltinRuleEvidence::TupleCartesianMembership	mapped_not_kernel_checked	Codex	1	src/verification/builtin_rules/in_fact_builtin/cart_membership.rs:42	4	src/stmt_result_to_lean_compiler/compiler/fact_proof_dispatch.rs:164;src/stmt_result_to_lean_compiler/compiler/fact_proof_replay/proof_composition.rs:234;src/stmt_result_to_lean_compiler/compiler/theorem_compilation/cartesian_inference.rs:16;src/stmt_result_to_lean_compiler/compiler/validation/direct_compilation_audit.rs:139			attach a positive tracer and real Lean kernel gate for tuple.cartesian_membership
tuple.literal_shape	BuiltinRuleEvidence::TupleLiteralShape	mapped_not_kernel_checked	Codex	1	src/verification/builtin_rules/type_predicates_builtin.rs:983	3	src/stmt_result_to_lean_compiler/compiler/fact_proof_dispatch.rs:598;src/stmt_result_to_lean_compiler/compiler/fact_proof_replay/proof_composition.rs:643;src/stmt_result_to_lean_compiler/compiler/validation/direct_compilation_audit.rs:181			attach a positive tracer and real Lean kernel gate for tuple.literal_shape
